USE HOTEL;

INSERT INTO EMPLOYEE VALUES('Luna', 'Lovegood', '00000', NULL, 'The Rook, Ottery St Catchpole, LUN A00', 'General manager', 177700, NULL);
/*Department Data inserts*/
INSERT INTO DEPARTMENT VALUES('Housekeeping',1,0,'00000');
INSERT INTO DEPARTMENT VALUES('Food services',2,0,'00000');
INSERT INTO DEPARTMENT VALUES('Maintenance',3,0,'00000');
INSERT INTO DEPARTMENT VALUES('Front desk',4,0,'00000');
INSERT INTO DEPARTMENT VALUES('Finance',5,0,'00000');


/*Employee Inserts*/
INSERT INTO EMPLOYEE VALUES('Hannah', 'Abbott', '00001', '00000','12 Badger Lane, London, HP0 556', 'Housekeeping manager', 56000, 1);
INSERT INTO EMPLOYEE VALUES('Katie', 'Bell', '00002', '00000', '18 Tower Street, London, HP1 990', 'Food services manager', 58000,2);
INSERT INTO EMPLOYEE VALUES('Susan', 'Bones', '00003', '00000','1 Alexander Road, Farnham, HO6 1RT', 'Maintenance services manager', 70000,3);
INSERT INTO EMPLOYEE VALUES('Terry', 'Boot', '00004', '00000','723 Queensway, Aldington, SL1 5ER', 'Front desk manager', 50000,4);
INSERT INTO EMPLOYEE VALUES('Lavender', 'Brown', '00005', '00000','Ivy Manor, Cambridgeshire, IV7 777', 'Finance department manager', 78000,5);
INSERT INTO EMPLOYEE VALUES('Millicent', 'Bulstrode', '00006', '00004','6 Darkening Alley, London, HP9 666', 'Reservations administrator', 45000,4);
INSERT INTO EMPLOYEE VALUES('Cho', 'Chang', '00007', '00005','219 Raven Way, London, HP1 23C', 'Accountant', 69000,5);
INSERT INTO EMPLOYEE VALUES('Penelope', 'Clearwater', '00008', '00004','12 North Road, Ottery St Catchpole, LU9 00Q', 'Receptionist', 28000,4);
INSERT INTO EMPLOYEE VALUES('Michael', 'Corner', '00009', '00004','754 Springfield Road, Nayland, RA3 N3L', 'Receptionist', 27500,4);
INSERT INTO EMPLOYEE VALUES('Vincent', 'Crabbe', '00010', '00002','45 Apple Street, London, HP3 4VC', 'Chef', 50000,2);
INSERT INTO EMPLOYEE VALUES('Colin', 'Creevey', '00011', '00001', '19 Flash Drive, London, HP7 4NN', 'Housekeeping attendant', 25000,1);
INSERT INTO EMPLOYEE VALUES('Dennis', 'Creevey', '00012', '00001','19 Flash Drive, London, HP7 4NN', 'Housekeeping attendant', 24500,1);
INSERT INTO EMPLOYEE VALUES('Roger', 'Davies', '00013', '00003','7500 Richmond Street, Bucklebury, FY23 9RD', 'Maintenance Technician', 53000,1);
INSERT INTO EMPLOYEE VALUES('Cedric', 'Diggory', '00014', '00003','1 Winner\'s End, London, HP4 000', 'Maintenance Engineer', 78000,3);
INSERT INTO EMPLOYEE VALUES('Marietta', 'Edgecombe', '00015', '00002','39 Mill Road, Harrow, HA61 0GY', 'Prep cook', 27000,2);
INSERT INTO EMPLOYEE VALUES('Justin', 'Finch-Fletchley', '00016', '00002','69 Queens Hill, London, HP3 1FF', 'Breakfast bar attendant', 25000,2);
INSERT INTO EMPLOYEE VALUES('Seamus', 'Finnigan', '00017', '00004','6 The Green, London, HP11 2SF', 'Front desk shift manager', 34000,4);
INSERT INTO EMPLOYEE VALUES('Marcus', 'Flint', '00018', '00005','69 South Street, Broomley, BR0 032', 'Accountant', 69000,5);
INSERT INTO EMPLOYEE VALUES('Anthony', 'Goldstein', '00019', '00001', '8 Salamander Street, London, HP2 22T', 'Housekeeping attendant', 25000,1);
INSERT INTO EMPLOYEE VALUES('Gregory', 'Goyle', '00020', '00002', '2 Sweet Street, London, HP56 7GG', 'Line cook', 35000,2);
INSERT INTO EMPLOYEE VALUES('Hermione', 'Granger', '00021', '00004', '3 Private Drive, London, HP3 338', 'Concierge', 35000,4);
INSERT INTO EMPLOYEE VALUES('Angelina', 'Johnson', '00022', '00001', '7145 Holly Woods, Aldington, SL4 5AJ', 'Housekeeping shift manager', 35000,1);
INSERT INTO EMPLOYEE VALUES('Lee', 'Jordan', '00023', '00003', '7 Green Lane, Nayland, RA56 3LJ', 'Maintenance Technician', 50000,3);
INSERT INTO EMPLOYEE VALUES('Neville', 'Longbottom', '00024', '00002','70 Braveheart Avenue, London, HP7 7NL', 'Butterbeer expert', 37000,2);
INSERT INTO EMPLOYEE VALUES('Draco', 'Malfoy', '00025', '00001','Malfoy Manor, Wiltshire, WI1 1DM', 'Housekeeping attendant', 25000,1);
INSERT INTO EMPLOYEE VALUES('Ernie', 'Macmillan', '00026', '00001','130 Springfield Road, London, HP0 9EM', 'Housekeeping attendant', 25000,1);
INSERT INTO EMPLOYEE VALUES('Cormac', 'McLaggen', '00027', '00001','19 Keeper Street, London, HP5 6CM', 'Housekeeping attendant', 25500,1);
INSERT INTO EMPLOYEE VALUES('Graham', 'Montague', '00028', '00003','34 Green Grove, Bucklebury, FY8 0GM', 'Maintenance technician', 47000,3);
INSERT INTO EMPLOYEE VALUES('Theodore', 'Nott', '00029', '00002', '8 St. John\'s Road, Kingsclere, KI4 4TN', 'Food service attendant', 22000,2);
INSERT INTO EMPLOYEE VALUES('Pansy', 'Parkinson', '00030', '00002','911 Highland Drive, London, HP0 5PP', 'Food service attendant', 22000,2);
INSERT INTO EMPLOYEE VALUES('Padma', 'Patil', '00031', '00002','4 Rainbow Bridge, London, HP9 1PP', 'Food service shift supervisor', 35000,2);
INSERT INTO EMPLOYEE VALUES('Parvati', 'Patil', '00032', '00004','4 Rainbow Bridge, London, HP9 1PP', 'Front desk shift manager', 34000,4);
INSERT INTO EMPLOYEE VALUES('Harry', 'Potter', '00033', '00001','4 Privet Drive, Little Whinging, LW8 9HP', 'Housekeeping shift manager', 35000,1);
INSERT INTO EMPLOYEE VALUES('Tom', 'Riddle', '00034', '00005','Riddle Manor, Little Hangleton, LH3 999', 'Database administrator', 80000,5);
INSERT INTO EMPLOYEE VALUES('Demelza', 'Robins', '00035', '00004','3 Crescent Road, London, HP1 2DR', 'Receptionist', 28000,4);
INSERT INTO EMPLOYEE VALUES('Zacharias', 'Smith', '00036', '00001','4 South Street, London, HP6 3ZS', 'Housekeeping attendant', 24000,1);
INSERT INTO EMPLOYEE VALUES('Alicia', 'Spinnet', '00037', '00001','15 Windsor Avenue, London, HP0 0AS', 'Housekeeping attendant', 25000,1);
INSERT INTO EMPLOYEE VALUES('Dean', 'Thomas', '00038', '00003','2 Main Road, Winchester, WI3 9DT', 'Maintenance assistant', 28000,3);
INSERT INTO EMPLOYEE VALUES('Romilda', 'Vane', '00039', '00002','4 Main Road, Winchester, WI3 9RV', 'Prep cook', 27000,2);
INSERT INTO EMPLOYEE VALUES('Moaning', 'Myrtle', '00040', '00002','1 Sinking Road, Dunchurch, DU3 4MM', 'Prep cook', 27000,2);
INSERT INTO EMPLOYEE VALUES('Ginny', 'Weasley', '00041', '00002','The Burrow, Ottery St Catchpole, LU1 2WW', 'Chef', 50000,2);
INSERT INTO EMPLOYEE VALUES('Ron', 'Weasley', '00042', '00001','The Burrow, Ottery St Catchpole, LU1 2WW', 'Security officer', 35000,1);
INSERT INTO EMPLOYEE VALUES('Oliver', 'Wood', '00043', '00001','3 Chester Street, London, HP3 0OW', 'Security officer', 36000,1);
INSERT INTO EMPLOYEE VALUES('Blaise', 'Zabini', '00044', '00002','67 Rose Lane, Nayland, RA34 3BZ', 'Food service attendant', 23000,2);

/*Guest Inserts*/
INSERT INTO GUEST VALUES('lbagman@ministryofmagic.gov', 'Ludo Bagman', '1111111111111111', '11111111111', '1 Wizarding Way Hogsmeade, Uk 99102');
INSERT INTO GUEST VALUES('bathilda@owlmail.com', 'Bathilda Bagshot', '1111111114697995', '91171111113', '2 Potter Lane Godric\'s Hollow, UK 67712');
INSERT INTO GUEST VALUES('cbinns@hogwarts.edu', 'Cuthbert Binns', '1111111116363334', '181271111121', '3 Privet Drive, Little Whinging, Surrey, 77192');
INSERT INTO GUEST VALUES('pnblack@hogwarts.edu', 'Phineas Black', '1111111118797291', '191411111124', '4 Knockturn Alley London, UK 54471');
INSERT INTO GUEST VALUES('padfoot@owlmail.com', 'Sirius Black', '1111111119565909', '231561111132', '5 Privet Drive, Little Whinging, Surrey, 77192');
INSERT INTO GUEST VALUES('abones@ministryofmagic.gov', 'Amelia Bones', '1111111121829062', '281591111135', '6 Knockturn Alley London, UK 54471');
INSERT INTO GUEST VALUES('cburbage@hogwarts.edu', 'Charity Burbage', '1111111124690029', '301741111142', '7 Potter Lane Godric\'s Hollow, UK 67712');
INSERT INTO GUEST VALUES('fbryce@owlmail.com', 'Frank Bryce', '1111111127978006', '361881111144', '8 Diagon Alley, London, UK 54471');
INSERT INTO GUEST VALUES('alecto@owlmail.com', 'Alecto Carrow', '1111111130198458', '421951111151', '9 Grimmauld Place London, UK 54472');
INSERT INTO GUEST VALUES('amycus@owlmail.com', 'Amycus Carrow', '1111111130924375', '491961111157', '10 Knockturn Alley London, UK 54471');
INSERT INTO GUEST VALUES('rcattermole@ministryofmagic.gov', 'Reginald Cattermole', '1111111134852867', '542021111159', '11 Potter Lane Godric\'s Hollow, UK 67712');
INSERT INTO GUEST VALUES('mcattermole@owlmail.com', 'Mary Cattermole', '1111111138866761', '582171111167', '12 Potter Lane Godric\'s Hollow, UK 67712');
INSERT INTO GUEST VALUES('dcresswell@ministryofmagic.gov', 'Dirk Cresswell', '1111111142240140', '642251111172', '13 Potter Lane Godric\'s Hollow, UK 67712');
INSERT INTO GUEST VALUES('bcrouch@ministryofmagic.gov', 'Barty Crouch', '1111111145271911', '702291111179', '14 Grimmauld Place London, UK 54472');
INSERT INTO GUEST VALUES('bcrouchNOTmydad@owlmail.com', 'Bartemius Crouch', '1111111146766446', '712371111188', '15 Diagon Alley, London, UK 54471');
INSERT INTO GUEST VALUES('fdelacour@beauxbatons.edu', 'Fleur Delacour', '1111111150609536', '752461111195', '16 Diagon Alley, London, UK 54471');
INSERT INTO GUEST VALUES('gdelacour@beauxbatons.edu', 'Gabrielle Delacour', '1111111152104071', '812511111199', '17 Potter Lane Godric\'s Hollow, UK 67712');
INSERT INTO GUEST VALUES('ddiggle@orderofthephoenix.org', 'Dedalus Diggle', '1111111155178543', '842531111200', '18 Privet Drive, Little Whinging, Surrey, 77192');
INSERT INTO GUEST VALUES('adiggory@ministryofmagic.gov', 'Amos Diggory', '1111111159149736', '862641111204', '19 Diagon Alley, London, UK 54471');
INSERT INTO GUEST VALUES('edoge@owlmail.com', 'Elphias Doge', '1111111162181507', '872691111207', '20 Grimmauld Place London, UK 54472');
INSERT INTO GUEST VALUES('adolohov@owlmail.com', 'Antonin Dolohov', '1111111165512185', '962731111208', '21 Knockturn Alley London, UK 54471');
INSERT INTO GUEST VALUES('aberforth@hogshead.com', 'Aberforth Dumbledore', '1111111166408906', '972811111209', '22 Knockturn Alley London, UK 54471');
INSERT INTO GUEST VALUES('adumbledore@hogwarts.edu', 'Albus Dumbledore', '1111111170038491', '992881111214', '23 Privet Drive, Little Whinging, Surrey, 77192');
INSERT INTO GUEST VALUES('ddursley@gmail.com', 'Dudley Dursley', '1111111171661129', '1073011111221', '24 Privet Drive, Little Whinging, Surrey, 77192');
INSERT INTO GUEST VALUES('mdursley@gmail.com', 'Marge Dursley', '1111111172643252', '1153021111225', '25 Potter Lane Godric\'s Hollow, UK 67712');
INSERT INTO GUEST VALUES('pdursley@gmail.com', 'Petunia Dursley', '1111111172899458', '1173071111226', '26 Diagon Alley, London, UK 54471');
INSERT INTO GUEST VALUES('vdursley@gmail.com', 'Vernon Dursley', '1111111176913352', '1263211111235', '27 Grimmauld Place London, UK 54472');
INSERT INTO GUEST VALUES('afigg@orderofthephoenix.org', 'Arabella Figg', '1111111178493289', '1343251111242', '28 Privet Drive, Little Whinging, Surrey, 77192');
INSERT INTO GUEST VALUES('afilch@hogwarts.edu', 'Argus Filch', '1111111180329432', '1353291111244', '29 Diagon Alley, London, UK 54471');
INSERT INTO GUEST VALUES('mfletcher@orderofthephoenix.org', 'Mundungus Fletcher', '1111111182848791', '1353391111250', '30 Diagon Alley, London, UK 54471');
INSERT INTO GUEST VALUES('fflitwick@hogwarts.edu', 'Filius Flitwick', '1111111183147698', '1403451111253', '31 Potter Lane Godric\'s Hollow, UK 67712');
INSERT INTO GUEST VALUES('ffortescue@diagonalley.com', 'Florean Fortescue', '1111111184215223', '1403461111256', '32 Potter Lane Godric\'s Hollow, UK 67712');
INSERT INTO GUEST VALUES('cfudge@ministryofmagic.gov', 'Cornelius Fudge', '1111111188229117', '1493481111261', '33 Privet Drive, Little Whinging, Surrey, 77192');
INSERT INTO GUEST VALUES('marvolo@owlmail.com', 'Marvolo Gaunt', '1111111189595549', '1573491111270', '34 Potter Lane Godric\'s Hollow, UK 67712');
INSERT INTO GUEST VALUES('merope@owlmail.com', 'Merope Gaunt', '1111111193566742', '1583561111278', '35 Wizarding Way Hogsmeade, Uk 99102');
INSERT INTO GUEST VALUES('morfin@owlmail.com', 'Morfin Gaunt', '1111111194207257', '1613641111281', '36 Diagon Alley, London, UK 54471');
INSERT INTO GUEST VALUES('fgreyback@owlmail.com', 'Fenrir Greyback', '1111111194847772', '1703691111282', '37 Wizarding Way Hogsmeade, Uk 99102');
INSERT INTO GUEST VALUES('ggrindelwald@owlmail.com', 'Gellert Grindelwald', '1111111194933174', '1703811111291', '38 Grimmauld Place London, UK 54472');
INSERT INTO GUEST VALUES('wgrubbly-plank@hogwarts.edu', 'Wilhelmina Grubbly-Plank', '1111111196897420', '1793891111298', '39 Potter Lane Godric\'s Hollow, UK 67712');
INSERT INTO GUEST VALUES('ggryffindor@hogwarts.edu', 'Godric Gryffindor', '1111111197409832', '1863941111303', '40 Knockturn Alley London, UK 54471');
INSERT INTO GUEST VALUES('rhagrid@hogwarts.edu', 'Rubeus Hagrid', '1111111201124819', '1863951111306', '41 Wizarding Way Hogsmeade, UK 99102');
INSERT INTO GUEST VALUES('rhooch@hogwarts.edu', 'Rolanda Hooch', '1111111203558776', '1894091111312', '42 Privet Drive, Little Whinging, Surrey, 77192');
INSERT INTO GUEST VALUES('mhopkirk@ministryofmagic.gov', 'Mafalda Hopkirk', '1111111207572670', '1904211111313', '43 Diagon Alley, London, UK 54471');
INSERT INTO GUEST VALUES('hhufflepuff@hogwarts.edu', 'Helga Hufflepuff', '1111111208725597', '1994221111319', '44 Diagon Alley, London, UK 54471');
INSERT INTO GUEST VALUES('bjorkins@ministryofmagic.gov', 'Bertha Jorkins', '1111111212440584', '2054361111323', '45 Privet Drive, Little Whinging, Surrey, 77192');
INSERT INTO GUEST VALUES('ikarkaroff@durmstrang.edu', 'Igor Karkaroff', '1111111214874541', '2144491111332', '46 Privet Drive, Little Whinging, Surrey, 77192');
INSERT INTO GUEST VALUES('vkrum@durmstrang.edu', 'Viktor Krum', '1111111217735508', '2164571111338', '47 Diagon Alley, London, UK 54471');
INSERT INTO GUEST VALUES('skettleburn@hogwarts.edu', 'Silvanus Kettleburn', '1111111221664000', '2164581111346', '48 Diagon Alley, London, UK 54471');
INSERT INTO GUEST VALUES('bellatrix@owlmail.com', 'Bellatrix Lestrange', '1111111223329339', '2254581111350', '49 Wizarding Way Hogsmeade, Uk 99102');
INSERT INTO GUEST VALUES('rlestrange@owlmail.com', 'Rabastan Lestrange', '1111111225805997', '2334711111354', '50 Potter Lane Godric\'s Hollow, UK 67712');
INSERT INTO GUEST VALUES('rodolphus@owlmail.com', 'Rodolphus Lestrange', '1111111229222077', '2364811111355', '51 Privet Drive, Little Whinging, Surrey, 77192');
INSERT INTO GUEST VALUES('therealgilderoylockhart@owlmail.com', 'Gilderoy Lockhart', '1111111229350180', '2434821111358', '52 Privet Drive, Little Whinging, Surrey, 77192');
INSERT INTO GUEST VALUES('alongbottom@orderofthephoenix.org', 'Alice Longbottom', '1111111230033396', '2494951111362', '53 Wizarding Way Hogsmeade, Uk 99102');
INSERT INTO GUEST VALUES('flongbottom@orderofthephoenix.org', 'Frank Longbottom', '1111111230375004', '2514971111364', '54 Potter Lane Godric\'s Hollow, UK 67712');
INSERT INTO GUEST VALUES('alongbottom@owlmail.com', 'Augusta Longbottom', '1111111233065167', '2595111111373', '55 Privet Drive, Little Whinging, Surrey, 77192');
INSERT INTO GUEST VALUES('xlovegood@thequibbler.com', 'Xenophilius Lovegood', '1111111233278672', '2635201111382', '56 Wizarding Way Hogsmeade, Uk 99102');
INSERT INTO GUEST VALUES('rlupin@orderofthephoenix.org', 'Remus Lupin', '1111111234944011', '2695271111384', '57 Potter Lane Godric\'s Hollow, UK 67712');
INSERT INTO GUEST VALUES('wmacnair@owlmail.com', 'Walden Macnair', '1111111237634174', '2755291111393', '58 Grimmauld Place London, UK 54472');
INSERT INTO GUEST VALUES('lmalfoy@owlmail.com', 'Lucius Malfoy', '1111111241648068', '2835301111394', '59 Wizarding Way Hogsmeade, Uk 99102');
INSERT INTO GUEST VALUES('nmalfoy@owlmail.com', 'Narcissa Malfoy', '1111111243911221', '2915411111397', '60 Knockturn Alley London, UK 54471');
INSERT INTO GUEST VALUES('mmalkin@diagonalley.com', 'Madam Malkin', '1111111247412703', '2925551111401', '61 Knockturn Alley London, UK 54471');
INSERT INTO GUEST VALUES('gmarchbanks@ministryofmagic.gov', 'Griselda Marchbanks', '1111111250743381', '2945551111405', '62 Grimmauld Place London, UK 54472');
INSERT INTO GUEST VALUES('omaxime@beauxbatons.edu', 'Olympe Maxime', '1111111252921132', '3025701111413', '63 Knockturn Alley London, UK 54471');
INSERT INTO GUEST VALUES('mmcgonagall@hogwarts.edu', 'Minerva McGonagall', '1111111255653996', '3055831111414', '64 Grimmauld Place London, UK 54472');
INSERT INTO GUEST VALUES('amoody@orderofthephoenix.org', 'Alastor Moody', '1111111257404737', '3095911111415', '65 Privet Drive, Little Whinging, Surrey, 77192');
INSERT INTO GUEST VALUES('bogden@ministryofmagic.gov', 'Bob Ogden', '1111111258600365', '3166061111416', '66 Grimmauld Place London, UK 54472');
INSERT INTO GUEST VALUES('gollivander@diagonalley.com', 'Garrick Ollivander', '1111111261375930', '3236071111424', '67 Privet Drive, Little Whinging, Surrey, 77192');
INSERT INTO GUEST VALUES('wormtail@owlmail.com', 'Peter Pettigrew', '1111111261418631', '3246171111426', '68 Grimmauld Place London, UK 54472');
INSERT INTO GUEST VALUES('apeverell@thedeathlyhallows.com', 'Antioch Peverell', '1111111264023392', '3306171111427', '69 Privet Drive, Little Whinging, Surrey, 77192');
INSERT INTO GUEST VALUES('cpeverell@thedeathlyhallows.com', 'Cadmus Peverell', '1111111268079987', '3316201111434', '70 Grimmauld Place London, UK 54472');
INSERT INTO GUEST VALUES('ipeverell@thedeathlyhallows.com', 'Ignotus Peverell', '1111111269788027', '3336341111440', '71 Diagon Alley, London, UK 54471');
INSERT INTO GUEST VALUES('ipince@hogwarts.edu', 'Irma Pince', '1111111273716519', '3376451111449', '72 Diagon Alley, London, UK 54471');
INSERT INTO GUEST VALUES('spodmore@orderofthephoenix.org', 'Sturgis Podmore', '1111111277388805', '3466591111457', '73 Grimmauld Place London, UK 54472');
INSERT INTO GUEST VALUES('ppomfrey@hogwarts.edu', 'Poppy Pomfrey', '1111111280078968', '3516671111461', '74 Privet Drive, Little Whinging, Surrey, 77192');
INSERT INTO GUEST VALUES('jpotter@orderofthephoenix.org', 'James Potter', '1111111283879357', '3606701111463', '75 Wizarding Way Hogsmeade, Uk 99102');
INSERT INTO GUEST VALUES('lpotter@orderofthephoenix.org', 'Lily Potter', '1111111286484118', '3676811111464', '76 Wizarding Way Hogsmeade, Uk 99102');
INSERT INTO GUEST VALUES('apotter@owlmail.com', 'Albus Potter', '1111111288619168', '3706841111467', '77 Grimmauld Place London, UK 54472');
INSERT INTO GUEST VALUES('qquirrell@hogwarts.edu', 'Quirinus Quirrell', '1111111290369909', '3746921111473', '78 Knockturn Alley London, UK 54471');
INSERT INTO GUEST VALUES('hravenclaw@owlmail.com', 'Helena Ravenclaw', '1111111290882321', '3756971111475', '79 Potter Lane Godric\'s Hollow, UK 67712');
INSERT INTO GUEST VALUES('rravenclaw@hogwarts.edu', 'Rowena Ravenclaw', '1111111295024318', '3787021111484', '80 Diagon Alley, London, UK 54471');
INSERT INTO GUEST VALUES('arookwood@ministryofmagic.gov', 'Augustus Rookwood', '1111111295152421', '3857101111486', '81 Grimmauld Place London, UK 54472');
INSERT INTO GUEST VALUES('trowle@owlmail.com', 'Thorfinn Rowle', '1111111295323225', '3877211111490', '82 Diagon Alley, London, UK 54471');
INSERT INTO GUEST VALUES('aruncorn@ministryofmagic.gov', 'Albert Runcorn', '1111111297586378', '3957331111497', '83 Privet Drive, Little Whinging, Surrey, 77192');
INSERT INTO GUEST VALUES('nscamander@fantasticbeasts.com', 'Newt Scamander', '1111111297714481', '4007401111498', '84 Knockturn Alley London, UK 54471');
INSERT INTO GUEST VALUES('rscrimgeour@ministryofmagic.gov', 'Rufus Scrimgeour', '1111111300660850', '4027491111505', '85 Grimmauld Place London, UK 54472');
INSERT INTO GUEST VALUES('kshacklebolt@ministryofmagic.gov', 'Kingsley Shacklebolt', '1111111303564518', '4027581111507', '86 Wizarding Way Hogsmeade, Uk 99102');
INSERT INTO GUEST VALUES('sshunpike@knightbus.com', 'Stan Shunpike', '1111111306254681', '4057611111515', '87 Potter Lane Godric\'s Hollow, UK 67712');
INSERT INTO GUEST VALUES('asinistra@hogwarts.edu', 'Aurora Sinistra', '1111111306553588', '4127761111521', '88 Diagon Alley, London, UK 54471');
INSERT INTO GUEST VALUES('rskeeter@dailyprophet.com', 'Rita Skeeter', '1111111307407608', '4167901111529', '89 Wizarding Way Hogsmeade, Uk 99102');
INSERT INTO GUEST VALUES('hslughorn@hogwarts.edu', 'Horace Slughorn', '1111111309926967', '4208031111532', '90 Wizarding Way Hogsmeade, Uk 99102');
INSERT INTO GUEST VALUES('sslytherin@hogwarts.edu', 'Salazar Slytherin', '1111111312574429', '4248061111537', '91 Diagon Alley, London, UK 54471');
INSERT INTO GUEST VALUES('hepzibah@owlmail.com', 'Hepzibah Smith', '1111111312958738', '4328081111541', '92 Knockturn Alley London, UK 54471');
INSERT INTO GUEST VALUES('ssnape@hogwarts.edu', 'Severus Snape', '1111111315691602', '4358161111543', '93 Knockturn Alley London, UK 54471');
INSERT INTO GUEST VALUES('psprout@hogwarts.edu', 'Pomona Sprout', '1111111317912054', '4378231111545', '94 Privet Drive, Little Whinging, Surrey, 77192');
INSERT INTO GUEST VALUES('pthicknesse@ministryofmagic.gov', 'Pius Thicknesse', '1111111320303310', '4448361111549', '95 Privet Drive, Little Whinging, Surrey, 77192');
INSERT INTO GUEST VALUES('atonks@owlmail.com', 'Andromeda Tonks', '1111111323548586', '4498441111557', '96 Privet Drive, Little Whinging, Surrey, 77192');
INSERT INTO GUEST VALUES('ntonks@orderofthephoenix.org', 'Nymphadora Tonks', '1111111326409553', '4498581111558', '97 Knockturn Alley London, UK 54471');
INSERT INTO GUEST VALUES('ttonks@owlmail.com', 'Ted Tonks', '1111111329014314', '4548621111561', '98 Knockturn Alley London, UK 54471');
INSERT INTO GUEST VALUES('strewlawney@hogwarts.edu', 'Sybill Trelawney', '1111111329953736', '4598651111568', '99 Grimmauld Place London, UK 54472');
INSERT INTO GUEST VALUES('wtwycross@ministryofmagic.gov', 'Wilkie Twycross', '1111111331405570', '4628791111571', '100 Privet Drive, Little Whinging, Surrey, 77192');
INSERT INTO GUEST VALUES('dumbridge@ministryofmagic.gov', 'Dolores Umbridge', '1111111332003384', '4688891111574', '101 Privet Drive, Little Whinging, Surrey, 77192');
INSERT INTO GUEST VALUES('evance@orderofthephoenix.gov', 'Emmeline Vance', '1111111332216889', '4689041111580', '102 Grimmauld Place London, UK 54472');
INSERT INTO GUEST VALUES('svector@hogwarts.edu', 'Septima Vector', '1111111335974577', '4779101111587', '103 Wizarding Way Hogsmeade, Uk 99102');
INSERT INTO GUEST VALUES('lordvoldemort@owlmail.com', 'Lord Voldemort', '1111111336444288', '4809141111590', '104 Grimmauld Place London, UK 54472');
INSERT INTO GUEST VALUES('aweasley@ministryofmagic.gov', 'Arthur Weasley', '1111111337298308', '4859281111599', '105 Wizarding Way Hogsmeade, Uk 99102');
INSERT INTO GUEST VALUES('bweasley@gringotts.com', 'Bill Weasley', '1111111337810720', '4859281111605', '106 Potter Lane Godric\'s Hollow, UK 67712');
INSERT INTO GUEST VALUES('cweasley@orderofthephoenix.org', 'Charlie Weasley', '1111111341269501', '4859331111606', '107 Privet Drive, Little Whinging, Surrey, 77192');
INSERT INTO GUEST VALUES('fweasley@weasleyswizardwheezes.com', 'Fred Weasley', '1111111343788860', '4919361111611', '108 Grimmauld Place London, UK 54472');
INSERT INTO GUEST VALUES('gweasley@weasleyswizardwheezes.com', 'George Weasley', '1111111346009312', '4919421111613', '109 Wizarding Way Hogsmeade, Uk 99102');
INSERT INTO GUEST VALUES('mweasley@orderofthephoenix.org', 'Molly Weasley', '1111111349895103', '4969511111616', '110 Grimmauld Place London, UK 54472');
INSERT INTO GUEST VALUES('pweasley@ministryofmagic.gov', 'Percy Weasley', '1111111351176133', '4979521111619', '111 Knockturn Alley London, UK 54471');
INSERT INTO GUEST VALUES('cyaxley@owlmail.com', 'Corban Yaxley', '1111111351902050', '5019611111627', '112 Potter Lane Godric\'s Hollow, UK 67712');


/*Guset Room Inserts*/
INSERT INTO GUEST_ROOM VALUES(1, 1, 'Twin', 0);
INSERT INTO GUEST_ROOM VALUES(2, 1, 'Full', 1);
INSERT INTO GUEST_ROOM VALUES(3, 1, 'Twin', 0);
INSERT INTO GUEST_ROOM VALUES(4, 1, 'Full', 1);
INSERT INTO GUEST_ROOM VALUES(5, 1, 'King', 0);
INSERT INTO GUEST_ROOM VALUES(6, 1, 'Full', 1);
INSERT INTO GUEST_ROOM VALUES(7, 2, 'Queen', 0);
INSERT INTO GUEST_ROOM VALUES(8, 2, 'Full', 1);
INSERT INTO GUEST_ROOM VALUES(9, 2, 'Twin', 0);
INSERT INTO GUEST_ROOM VALUES(10, 1, 'King', 1);
INSERT INTO GUEST_ROOM VALUES(11, 1, 'Twin', 0);
INSERT INTO GUEST_ROOM VALUES(12, 1, 'Full', 1);
INSERT INTO GUEST_ROOM VALUES(13, 1, 'Twin', 0);
INSERT INTO GUEST_ROOM VALUES(14, 2, 'Queen', 1);
INSERT INTO GUEST_ROOM VALUES(15, 1, 'King', 0);
INSERT INTO GUEST_ROOM VALUES(16, 1, 'Full', 1);
INSERT INTO GUEST_ROOM VALUES(17, 1, 'Twin', 0);
INSERT INTO GUEST_ROOM VALUES(18, 1, 'Full', 1);
INSERT INTO GUEST_ROOM VALUES(19, 1, 'Twin', 0);
INSERT INTO GUEST_ROOM VALUES(20, 1, 'King', 1);
INSERT INTO GUEST_ROOM VALUES(21, 2, 'Queen', 0);
INSERT INTO GUEST_ROOM VALUES(22, 2, 'Full', 1);
INSERT INTO GUEST_ROOM VALUES(23, 2, 'Twin', 0);
INSERT INTO GUEST_ROOM VALUES(24, 2, 'Full', 1);
INSERT INTO GUEST_ROOM VALUES(25, 1, 'King', 0);
INSERT INTO GUEST_ROOM VALUES(26, 1, 'Full', 1);
INSERT INTO GUEST_ROOM VALUES(27, 1, 'Twin', 0);
INSERT INTO GUEST_ROOM VALUES(28, 2, 'Queen', 1);
INSERT INTO GUEST_ROOM VALUES(29, 2, 'Twin', 0);
INSERT INTO GUEST_ROOM VALUES(30, 1, 'King', 1);
INSERT INTO GUEST_ROOM VALUES(31, 1, 'Twin', 0);
INSERT INTO GUEST_ROOM VALUES(32, 1, 'Full', 1);
INSERT INTO GUEST_ROOM VALUES(33, 1, 'Twin', 0);
INSERT INTO GUEST_ROOM VALUES(34, 1, 'Full', 1);
INSERT INTO GUEST_ROOM VALUES(35, 1, 'King', 0);
INSERT INTO GUEST_ROOM VALUES(36, 1, 'Full', 1);
INSERT INTO GUEST_ROOM VALUES(37, 1, 'Twin', 0);
INSERT INTO GUEST_ROOM VALUES(38, 1, 'Full', 1);
INSERT INTO GUEST_ROOM VALUES(39, 1, 'Twin', 0);
INSERT INTO GUEST_ROOM VALUES(40, 1, 'King', 1);
INSERT INTO GUEST_ROOM VALUES(41, 1, 'Twin', 0);
INSERT INTO GUEST_ROOM VALUES(42, 2, 'Queen', 1);
INSERT INTO GUEST_ROOM VALUES(43, 2, 'Twin', 0);
INSERT INTO GUEST_ROOM VALUES(44, 2, 'Full', 1);
INSERT INTO GUEST_ROOM VALUES(45, 1, 'King', 0);
INSERT INTO GUEST_ROOM VALUES(46, 1, 'Full', 1);
INSERT INTO GUEST_ROOM VALUES(47, 1, 'Twin', 0);
INSERT INTO GUEST_ROOM VALUES(48, 1, 'Full', 1);
INSERT INTO GUEST_ROOM VALUES(49, 2, 'Queen', 0);
INSERT INTO GUEST_ROOM VALUES(50, 1, 'King', 1);
INSERT INTO GUEST_ROOM VALUES(51, 1, 'Twin', 0);
INSERT INTO GUEST_ROOM VALUES(52, 1, 'Full', 1);
INSERT INTO GUEST_ROOM VALUES(53, 1, 'Twin', 0);
INSERT INTO GUEST_ROOM VALUES(54, 1, 'Full', 1);
INSERT INTO GUEST_ROOM VALUES(55, 1, 'King', 0);
INSERT INTO GUEST_ROOM VALUES(56, 2, 'Queen', 1);
INSERT INTO GUEST_ROOM VALUES(57, 2, 'Twin', 0);
INSERT INTO GUEST_ROOM VALUES(58, 2, 'Full', 1);
INSERT INTO GUEST_ROOM VALUES(59, 2, 'Twin', 0);
INSERT INTO GUEST_ROOM VALUES(60, 1, 'King', 1);
INSERT INTO GUEST_ROOM VALUES(61, 1, 'Twin', 0);
INSERT INTO GUEST_ROOM VALUES(62, 1, 'Full', 1);
INSERT INTO GUEST_ROOM VALUES(63, 2, 'Queen', 0);
INSERT INTO GUEST_ROOM VALUES(64, 2, 'Full', 1);
INSERT INTO GUEST_ROOM VALUES(65, 1, 'King', 0);
INSERT INTO GUEST_ROOM VALUES(66, 1, 'Full', 1);
INSERT INTO GUEST_ROOM VALUES(67, 1, 'Twin', 0);
INSERT INTO GUEST_ROOM VALUES(68, 1, 'Full', 1);
INSERT INTO GUEST_ROOM VALUES(69, 1, 'Twin', 0);
INSERT INTO GUEST_ROOM VALUES(70, 1, 'King', 1);
INSERT INTO GUEST_ROOM VALUES(71, 1, 'Twin', 0);
INSERT INTO GUEST_ROOM VALUES(72, 1, 'Full', 1);
INSERT INTO GUEST_ROOM VALUES(73, 1, 'Twin', 0);
INSERT INTO GUEST_ROOM VALUES(74, 1, 'Full', 1);
INSERT INTO GUEST_ROOM VALUES(75, 1, 'King', 0);
INSERT INTO GUEST_ROOM VALUES(76, 1, 'Full', 1);
INSERT INTO GUEST_ROOM VALUES(77, 2, 'Queen', 0);
INSERT INTO GUEST_ROOM VALUES(78, 2, 'Full', 1);
INSERT INTO GUEST_ROOM VALUES(79, 2, 'Twin', 0);
INSERT INTO GUEST_ROOM VALUES(80, 1, 'King', 1);
INSERT INTO GUEST_ROOM VALUES(81, 1, 'Twin', 0);
INSERT INTO GUEST_ROOM VALUES(82, 1, 'Full', 1);
INSERT INTO GUEST_ROOM VALUES(83, 1, 'Twin', 0);
INSERT INTO GUEST_ROOM VALUES(84, 2, 'Queen', 1);
INSERT INTO GUEST_ROOM VALUES(85, 1, 'King', 0);
INSERT INTO GUEST_ROOM VALUES(86, 1, 'Full', 1);
INSERT INTO GUEST_ROOM VALUES(87, 1, 'Twin', 0);
INSERT INTO GUEST_ROOM VALUES(88, 1, 'Full', 1);
INSERT INTO GUEST_ROOM VALUES(89, 1, 'Twin', 0);
INSERT INTO GUEST_ROOM VALUES(90, 1, 'King', 1);
INSERT INTO GUEST_ROOM VALUES(91, 2, 'Queen', 0);
INSERT INTO GUEST_ROOM VALUES(92, 2, 'Full', 1);
INSERT INTO GUEST_ROOM VALUES(93, 2, 'Twin', 0);
INSERT INTO GUEST_ROOM VALUES(94, 2, 'Full', 1);
INSERT INTO GUEST_ROOM VALUES(95, 1, 'King', 0);
INSERT INTO GUEST_ROOM VALUES(96, 1, 'Full', 1);
INSERT INTO GUEST_ROOM VALUES(97, 1, 'Twin', 0);
INSERT INTO GUEST_ROOM VALUES(98, 2, 'Queen', 1);
INSERT INTO GUEST_ROOM VALUES(99, 2, 'Twin', 0);
INSERT INTO GUEST_ROOM VALUES(100, 1, 'King', 1);
INSERT INTO GUEST_ROOM VALUES(101, 1, 'Twin', 0);
INSERT INTO GUEST_ROOM VALUES(102, 1, 'Full', 1);
INSERT INTO GUEST_ROOM VALUES(103, 1, 'Twin', 0);
INSERT INTO GUEST_ROOM VALUES(104, 1, 'Full', 1);
INSERT INTO GUEST_ROOM VALUES(105, 1, 'King', 0);
INSERT INTO GUEST_ROOM VALUES(106, 1, 'Full', 1);
INSERT INTO GUEST_ROOM VALUES(107, 1, 'Twin', 0);
INSERT INTO GUEST_ROOM VALUES(108, 1, 'Full', 1);
INSERT INTO GUEST_ROOM VALUES(109, 1, 'Twin', 0);
INSERT INTO GUEST_ROOM VALUES(110, 1, 'King', 1);
INSERT INTO GUEST_ROOM VALUES(111, 1, 'Twin', 0);
INSERT INTO GUEST_ROOM VALUES(112, 2, 'Queen', 1);
INSERT INTO GUEST_ROOM VALUES(113, 2, 'Twin', 0);
INSERT INTO GUEST_ROOM VALUES(114, 2, 'Full', 1);
INSERT INTO GUEST_ROOM VALUES(115, 1, 'King', 0);
INSERT INTO GUEST_ROOM VALUES(116, 1, 'Full', 1);
INSERT INTO GUEST_ROOM VALUES(117, 1, 'Twin', 0);
INSERT INTO GUEST_ROOM VALUES(118, 1, 'Full', 1);
INSERT INTO GUEST_ROOM VALUES(119, 2, 'Queen', 0);
INSERT INTO GUEST_ROOM VALUES(120, 1, 'King', 1);
INSERT INTO GUEST_ROOM VALUES(121, 1, 'Twin', 0);
INSERT INTO GUEST_ROOM VALUES(122, 1, 'Full', 1);
INSERT INTO GUEST_ROOM VALUES(123, 1, 'Twin', 0);
INSERT INTO GUEST_ROOM VALUES(124, 1, 'Full', 1);
INSERT INTO GUEST_ROOM VALUES(125, 1, 'King', 0);
INSERT INTO GUEST_ROOM VALUES(126, 2, 'Queen', 1);
INSERT INTO GUEST_ROOM VALUES(127, 2, 'Twin', 0);
INSERT INTO GUEST_ROOM VALUES(128, 2, 'Full', 1);
INSERT INTO GUEST_ROOM VALUES(129, 2, 'Twin', 0);
INSERT INTO GUEST_ROOM VALUES(130, 1, 'King', 1);
INSERT INTO GUEST_ROOM VALUES(131, 1, 'Twin', 0);
INSERT INTO GUEST_ROOM VALUES(132, 1, 'Full', 1);
INSERT INTO GUEST_ROOM VALUES(133, 2, 'Queen', 0);
INSERT INTO GUEST_ROOM VALUES(134, 2, 'Full', 1);
INSERT INTO GUEST_ROOM VALUES(135, 1, 'King', 0);
INSERT INTO GUEST_ROOM VALUES(136, 1, 'Full', 1);
INSERT INTO GUEST_ROOM VALUES(137, 1, 'Twin', 0);
INSERT INTO GUEST_ROOM VALUES(138, 1, 'Full', 1);
INSERT INTO GUEST_ROOM VALUES(139, 1, 'Twin', 0);
INSERT INTO GUEST_ROOM VALUES(140, 1, 'King', 1);
INSERT INTO GUEST_ROOM VALUES(141, 1, 'Twin', 0);
INSERT INTO GUEST_ROOM VALUES(142, 1, 'Full', 1);
INSERT INTO GUEST_ROOM VALUES(143, 1, 'Twin', 0);
INSERT INTO GUEST_ROOM VALUES(144, 1, 'Full', 1);
INSERT INTO GUEST_ROOM VALUES(145, 1, 'King', 0);
INSERT INTO GUEST_ROOM VALUES(146, 1, 'Full', 1);
INSERT INTO GUEST_ROOM VALUES(147, 2, 'Queen', 0);
INSERT INTO GUEST_ROOM VALUES(148, 2, 'Full', 1);
INSERT INTO GUEST_ROOM VALUES(149, 2, 'Twin', 0);
INSERT INTO GUEST_ROOM VALUES(150, 1, 'King', 1);
INSERT INTO GUEST_ROOM VALUES(151, 1, 'Twin', 0);
INSERT INTO GUEST_ROOM VALUES(152, 1, 'Full', 1);
INSERT INTO GUEST_ROOM VALUES(153, 1, 'Twin', 0);
INSERT INTO GUEST_ROOM VALUES(154, 2, 'Queen', 1);
INSERT INTO GUEST_ROOM VALUES(155, 1, 'King', 0);
INSERT INTO GUEST_ROOM VALUES(156, 1, 'Full', 1);
INSERT INTO GUEST_ROOM VALUES(157, 1, 'Twin', 0);
INSERT INTO GUEST_ROOM VALUES(158, 1, 'Full', 1);
INSERT INTO GUEST_ROOM VALUES(159, 1, 'Twin', 0);
INSERT INTO GUEST_ROOM VALUES(160, 1, 'King', 1);
INSERT INTO GUEST_ROOM VALUES(161, 2, 'Queen', 0);
INSERT INTO GUEST_ROOM VALUES(162, 2, 'Full', 1);
INSERT INTO GUEST_ROOM VALUES(163, 2, 'Twin', 0);
INSERT INTO GUEST_ROOM VALUES(164, 2, 'Full', 1);
INSERT INTO GUEST_ROOM VALUES(165, 1, 'King', 0);
INSERT INTO GUEST_ROOM VALUES(166, 1, 'Full', 1);
INSERT INTO GUEST_ROOM VALUES(167, 1, 'Twin', 0);
INSERT INTO GUEST_ROOM VALUES(168, 2, 'Queen', 1);
INSERT INTO GUEST_ROOM VALUES(169, 2, 'Twin', 0);
INSERT INTO GUEST_ROOM VALUES(170, 1, 'King', 1);
INSERT INTO GUEST_ROOM VALUES(171, 1, 'Twin', 0);
INSERT INTO GUEST_ROOM VALUES(172, 1, 'Full', 1);
INSERT INTO GUEST_ROOM VALUES(173, 1, 'Twin', 0);
INSERT INTO GUEST_ROOM VALUES(174, 1, 'Full', 1);
INSERT INTO GUEST_ROOM VALUES(175, 1, 'King', 0);
INSERT INTO GUEST_ROOM VALUES(176, 1, 'Full', 1);
INSERT INTO GUEST_ROOM VALUES(177, 1, 'Twin', 0);
INSERT INTO GUEST_ROOM VALUES(178, 1, 'Full', 1);
INSERT INTO GUEST_ROOM VALUES(179, 1, 'Twin', 0);
INSERT INTO GUEST_ROOM VALUES(180, 1, 'King', 1);
INSERT INTO GUEST_ROOM VALUES(181, 1, 'Twin', 0);
INSERT INTO GUEST_ROOM VALUES(182, 2, 'Queen', 1);
INSERT INTO GUEST_ROOM VALUES(183, 2, 'Twin', 0);
INSERT INTO GUEST_ROOM VALUES(184, 2, 'Full', 1);
INSERT INTO GUEST_ROOM VALUES(185, 1, 'King', 0);
INSERT INTO GUEST_ROOM VALUES(186, 1, 'Full', 1);
INSERT INTO GUEST_ROOM VALUES(187, 1, 'Twin', 0);
INSERT INTO GUEST_ROOM VALUES(188, 1, 'Full', 1);
INSERT INTO GUEST_ROOM VALUES(189, 2, 'Queen', 0);
INSERT INTO GUEST_ROOM VALUES(190, 1, 'King', 1);
INSERT INTO GUEST_ROOM VALUES(191, 1, 'Twin', 0);
INSERT INTO GUEST_ROOM VALUES(192, 1, 'Full', 1);
INSERT INTO GUEST_ROOM VALUES(193, 1, 'Twin', 0);
INSERT INTO GUEST_ROOM VALUES(194, 1, 'Full', 1);
INSERT INTO GUEST_ROOM VALUES(195, 1, 'King', 0);
INSERT INTO GUEST_ROOM VALUES(196, 2, 'Queen', 1);
INSERT INTO GUEST_ROOM VALUES(197, 2, 'Twin', 0);
INSERT INTO GUEST_ROOM VALUES(198, 2, 'Full', 1);
INSERT INTO GUEST_ROOM VALUES(199, 2, 'Twin', 0);
INSERT INTO GUEST_ROOM VALUES(200, 1, 'King', 1);

/*Conference Room Inserts*/
INSERT INTO CONFERENCE_ROOM VALUES('1', 'n');
INSERT INTO CONFERENCE_ROOM VALUES('2', 'y');
INSERT INTO CONFERENCE_ROOM VALUES('3', 'n');

/*Guest_Reservation Inserts*/
INSERT INTO GUEST_RESERVATION VALUES('1','Ludo Bagman',1,2,'2019-01-01','2019-01-15','lbagman@ministryofmagic.gov');
INSERT INTO GUEST_RESERVATION VALUES('2','Bathilda Bagshot',11,1,'2019-01-15','2019-01-20','bathilda@owlmail.com');
INSERT INTO GUEST_RESERVATION VALUES('3','Dirk Cresswell',21,3,'2019-01-20','2019-01-25','dcresswell@ministryofmagic.gov');
INSERT INTO GUEST_RESERVATION VALUES('4','Cuthbert Binns',31,1,'2019-01-20','2019-01-23','cbinns@hogwarts.edu');
INSERT INTO GUEST_RESERVATION VALUES('5','Phineas Black',41,2,'2019-01-30','2019-02-02','pnblack@hogwarts.edu');
INSERT INTO GUEST_RESERVATION VALUES('6','Sirius Black',51,1,'2019-02-01','2019-02-05','padfoot@owlmail.com');
INSERT INTO GUEST_RESERVATION VALUES('7','Amelia Bones',61,3,'2019-02-20','2019-02-25','abones@ministryofmagic.gov');
INSERT INTO GUEST_RESERVATION VALUES('8','Fleur Delacour',71,1,'2019-02-20','2019-02-23','fdelacour@beauxbatons.edu');
INSERT INTO GUEST_RESERVATION VALUES('9','Charity Burbage',81,2,'2019-02-19','2019-02-27','cburbage@hogwarts.edu');
INSERT INTO GUEST_RESERVATION VALUES('10','Frank Bryce',91,1,'2019-02-01','2019-02-26','fbryce@owlmail.com');
INSERT INTO GUEST_RESERVATION VALUES('11','Alecto Carrow',101,3,'2019-03-01','2019-03-25','alecto@owlmail.com');
INSERT INTO GUEST_RESERVATION VALUES('12','Amycus Carrow',111,1,'2019-03-17','2019-03-23','amycus@owlmail.com');
INSERT INTO GUEST_RESERVATION VALUES('13','Reginald Cattermole',121,4,'2019-03-07','2019-03-24','rcattermole@ministryofmagic.gov');
INSERT INTO GUEST_RESERVATION VALUES('14','Mary Cattermole',131,3,'2019-03-30','2019-04-05','mcattermole@owlmail.com');
INSERT INTO GUEST_RESERVATION VALUES('15','Barty Crouch',141,3,'2019-03-29','2019-03-31','bcrouch@ministryofmagic.gov');
INSERT INTO GUEST_RESERVATION VALUES('16','Bartemius Crouch',151,4,'2019-03-20','2019-04-01','bcrouchNOTmydad@owlmail.com');

INSERT INTO GUEST_RESERVATION VALUES('17','Gabrielle Delacour',161,3,'2019-03-19','2019-03-27','gdelacour@beauxbatons.edu');
INSERT INTO GUEST_RESERVATION VALUES('18','Dedalus Diggle',171,5,'2019-03-01','2019-03-26','ddiggle@orderofthephoenix.org');
INSERT INTO GUEST_RESERVATION VALUES('19','Amos Diggory',181,4,'2019-04-05','2019-04-25','adiggory@ministryofmagic.gov');
INSERT INTO GUEST_RESERVATION VALUES('20','Elphias Doge',191,1,'2019-04-19','2019-04-29','edoge@owlmail.com');
INSERT INTO GUEST_RESERVATION VALUES('21','Antonin Dolohov',3,1,'2019-04-20','2019-04-22','adolohov@owlmail.com');
INSERT INTO GUEST_RESERVATION VALUES('22','Aberforth Dumbledore',13,2,'2019-05-02','2019-05-05','aberforth@hogshead.com');
INSERT INTO GUEST_RESERVATION VALUES('23','Albus Dumbledore',23,3,'2019-05-11','2019-05-15','adumbledore@hogwarts.edu');
INSERT INTO GUEST_RESERVATION VALUES('24','Dudley Dursley',33,4,'2019-05-16','2019-05-24','ddursley@gmail.com');
INSERT INTO GUEST_RESERVATION VALUES('25','Marge Dursley',43,1,'2019-05-19','2019-06-02','mdursley@gmail.com');
INSERT INTO GUEST_RESERVATION VALUES('26','Petunia Dursley',53,1,'2019-06-01','2019-06-07','pdursley@gmail.com');
INSERT INTO GUEST_RESERVATION VALUES('27','Vernon Dursley',63,2,'2019-06-02','2019-06-04','vdursley@gmail.com');

INSERT INTO GUEST_RESERVATION VALUES('28','Arabella Figg',73,3,'2019-06-05','2019-06-27','afigg@orderofthephoenix.org');
INSERT INTO GUEST_RESERVATION VALUES('29','Argus Filch',83,2,'2019-06-20','2019-06-22','afilch@hogwarts.edu');
INSERT INTO GUEST_RESERVATION VALUES('30','Mundungus Fletcher',93,2,'2019-06-02','2019-07-05','mfletcher@orderofthephoenix.org');
INSERT INTO GUEST_RESERVATION VALUES('31','Filius Flitwick',103,2,'2019-07-11','2019-07-14','fflitwick@hogwarts.edu');
INSERT INTO GUEST_RESERVATION VALUES('32','Florean Fortescue',113,2,'2019-07-16','2019-07-27','ffortescue@diagonalley.com');
INSERT INTO GUEST_RESERVATION VALUES('33','Cornelius Fudge',123,1,'2019-07-29','2019-08-02','cfudge@ministryofmagic.gov');

INSERT INTO GUEST_RESERVATION VALUES('34','Marvolo Gaunt',133,2,'2019-08-01','2019-08-08','marvolo@owlmail.com');
INSERT INTO GUEST_RESERVATION VALUES('35','Godric Gryffindor',143,2,'2019-08-03','2019-08-04','ggryffindor@hogwarts.edu');
INSERT INTO GUEST_RESERVATION VALUES('36','Merope Gaunt',153,3,'2019-08-05','2019-08-27','merope@owlmail.com');
INSERT INTO GUEST_RESERVATION VALUES('37','Morfin Gaunt',163,1,'2019-08-21','2019-08-24','morfin@owlmail.com');
INSERT INTO GUEST_RESERVATION VALUES('38','Fenrir Greyback',173,1,'2019-08-02','2019-08-05','fgreyback@owlmail.com');
INSERT INTO GUEST_RESERVATION VALUES('39','Gellert Grindelwald',183,1,'2019-08-11','2019-08-14','ggrindelwald@owlmail.com');
INSERT INTO GUEST_RESERVATION VALUES('40','Wilhelmina Grubbly-Plank',193,2,'2019-08-16','2019-08-27','wgrubbly-plank@hogwarts.edu');

INSERT INTO GUEST_RESERVATION VALUES('41','Rubeus Hagrid',5,1,'2019-09-19','2019-10-02','rhagrid@hogwarts.edu');
INSERT INTO GUEST_RESERVATION VALUES('42','Rolanda Hooch',15,1,'2019-09-01','2019-09-07','rhooch@hogwarts.edu');
INSERT INTO GUEST_RESERVATION VALUES('43','Mafalda Hopkirk',25,1,'2019-09-02','2019-09-04','mhopkirk@ministryofmagic.gov');
INSERT INTO GUEST_RESERVATION VALUES('44','Helga Hufflepuff',35,2,'2019-09-05','2019-09-27','hhufflepuff@hogwarts.edu');
INSERT INTO GUEST_RESERVATION VALUES('45','Bertha Jorkins',45,2,'2019-09-20','2019-09-22','bjorkins@ministryofmagic.gov');
INSERT INTO GUEST_RESERVATION VALUES('46','Igor Karkaroff',55,2,'2019-09-02','2019-09-05','ikarkaroff@durmstrang.edu');
INSERT INTO GUEST_RESERVATION VALUES('47','Viktor Krum',65,2,'2019-09-11','2019-09-14','vkrum@durmstrang.edu');
INSERT INTO GUEST_RESERVATION VALUES('48','Silvanus Kettleburn',75,2,'2019-09-16','2019-09-27','skettleburn@hogwarts.edu');

INSERT INTO GUEST_RESERVATION VALUES('49','Bellatrix Lestrange',85,1,'2019-10-29','2019-10-02','bellatrix@owlmail.com');
INSERT INTO GUEST_RESERVATION VALUES('50','Rabastan Lestrange',95,5,'2019-10-01','2019-10-08','rlestrange@owlmail.com');
INSERT INTO GUEST_RESERVATION VALUES('51','Rodolphus Lestrange',105,4,'2019-10-03','2019-10-04','rodolphus@owlmail.com');
INSERT INTO GUEST_RESERVATION VALUES('52','Gilderoy Lockhart',115,3,'2019-10-05','2019-10-27','therealgilderoylockhart@owlmail.com');
INSERT INTO GUEST_RESERVATION VALUES('53','Alice Longbottom',125,4,'2019-10-21','2019-10-24','alongbottom@orderofthephoenix.org');
INSERT INTO GUEST_RESERVATION VALUES('54','Frank Longbottom',135,4,'2019-10-02','2019-10-05','flongbottom@orderofthephoenix.org');
INSERT INTO GUEST_RESERVATION VALUES('55','Augusta Longbottom',145,3,'2019-10-11','2019-10-14','alongbottom@owlmail.com');
INSERT INTO GUEST_RESERVATION VALUES('56','Xenophilius Lovegood',155,3,'2019-10-16','2019-10-27','xlovegood@thequibbler.com');
INSERT INTO GUEST_RESERVATION VALUES('57','Remus Lupin',165,1,'2019-11-19','2019-12-02','rlupin@orderofthephoenix.org');

INSERT INTO GUEST_RESERVATION VALUES('58','Walden Macnair',175,1,'2019-11-01','2019-11-07','wmacnair@owlmail.com');
INSERT INTO GUEST_RESERVATION VALUES('59','Lucius Malfoy',185,1,'2019-11-02','2019-11-04','lmalfoy@owlmail.com');
INSERT INTO GUEST_RESERVATION VALUES('60','Narcissa Malfoy',195,2,'2019-11-05','2019-11-27','nmalfoy@owlmail.com');
INSERT INTO GUEST_RESERVATION VALUES('61','Madam Malkin',7,2,'2019-11-20','2019-11-22','mmalkin@diagonalley.com');
INSERT INTO GUEST_RESERVATION VALUES('62','Griselda Marchbanks',17,2,'2019-11-02','2019-11-05','gmarchbanks@ministryofmagic.gov');
INSERT INTO GUEST_RESERVATION VALUES('63','Olympe Maxime',27,2,'2019-11-11','2019-11-14','omaxime@beauxbatons.edu');
INSERT INTO GUEST_RESERVATION VALUES('64','Minerva McGonagall',37,3,'2019-11-16','2019-11-27','mmcgonagall@hogwarts.edu');
INSERT INTO GUEST_RESERVATION VALUES('65','Alastor Moody',47,1,'2019-12-29','2020-01-02','amoody@orderofthephoenix.org');

INSERT INTO GUEST_RESERVATION VALUES('66','Bob Ogden',57,4,'2019-12-01','2019-12-08','bogden@ministryofmagic.gov');
INSERT INTO GUEST_RESERVATION VALUES('67','Garrick Ollivander',67,4,'2019-12-03','2019-12-04','gollivander@diagonalley.com');
INSERT INTO GUEST_RESERVATION VALUES('68','Peter Pettigrew',77,3,'2019-12-05','2019-12-27','wormtail@owlmail.com');
INSERT INTO GUEST_RESERVATION VALUES('69','Antioch Peverell',87,4,'2019-12-21','2019-12-24','apeverell@thedeathlyhallows.com');
INSERT INTO GUEST_RESERVATION VALUES('70','Cadmus Peverell',97,4,'2019-12-02','2019-12-05','cpeverell@thedeathlyhallows.com');
INSERT INTO GUEST_RESERVATION VALUES('71','Ignotus Peverell',107,3,'2019-12-11','2019-12-14','ipeverell@thedeathlyhallows.com');
INSERT INTO GUEST_RESERVATION VALUES('72','Irma Pince',117,3,'2019-12-16','2019-12-27','ipince@hogwarts.edu');
INSERT INTO GUEST_RESERVATION VALUES('73','Sturgis Podmore',127,1,'2020-01-19','2019-02-02','spodmore@orderofthephoenix.org');
INSERT INTO GUEST_RESERVATION VALUES('74','Poppy Pomfrey',137,1,'2020-01-01','2019-01-07','ppomfrey@hogwarts.edu');
INSERT INTO GUEST_RESERVATION VALUES('75','James Potter',147,1,'2020-01-02','2019-01-04','jpotter@orderofthephoenix.org');
INSERT INTO GUEST_RESERVATION VALUES('76','Lily Potter',157,2,'2020-01-05','2019-01-27','lpotter@orderofthephoenix.org');
INSERT INTO GUEST_RESERVATION VALUES('77','Albus Potter',167,2,'2020-01-20','2019-01-22','apotter@owlmail.com');
INSERT INTO GUEST_RESERVATION VALUES('78','Quirinus Quirrell',177,2,'2020-01-02','2019-01-05','qquirrell@hogwarts.edu');

INSERT INTO GUEST_RESERVATION VALUES('79','Helena Ravenclaw',187,2,'2020-01-11','2019-01-14','hravenclaw@owlmail.com');
INSERT INTO GUEST_RESERVATION VALUES('80','Rowena Ravenclaw',197,3,'2020-01-16','2019-01-27','rravenclaw@hogwarts.edu');
INSERT INTO GUEST_RESERVATION VALUES('81','Augustus Rookwood',9,1,'2020-01-29','2020-02-02','arookwood@ministryofmagic.gov');
INSERT INTO GUEST_RESERVATION VALUES('82','Thorfinn Rowle',19,4,'2020-02-01','2020-02-08','trowle@owlmail.com');
INSERT INTO GUEST_RESERVATION VALUES('83','Albert Runcorn',29,4,'2020-02-03','2020-02-04','aruncorn@ministryofmagic.gov');

INSERT INTO GUEST_RESERVATION VALUES('84','Newt Scamander',39,3,'2020-02-05','2020-02-27','nscamander@fantasticbeasts.com');
INSERT INTO GUEST_RESERVATION VALUES('85','Rufus Scrimgeour',49,4,'2020-02-21','2020-02-24','rscrimgeour@ministryofmagic.gov');
INSERT INTO GUEST_RESERVATION VALUES('86','Kingsley Shacklebolt',59,5,'2020-02-02','2020-02-05','kshacklebolt@ministryofmagic.gov');
INSERT INTO GUEST_RESERVATION VALUES('87','Stan Shunpike',69,3,'2020-02-11','2020-02-14','sshunpike@knightbus.com');
INSERT INTO GUEST_RESERVATION VALUES('88','Aurora Sinistra',79,3,'2020-02-16','2020-02-27','asinistra@hogwarts.edu');
INSERT INTO GUEST_RESERVATION VALUES('89','Rita Skeeter',89,1,'2020-02-19','2020-03-02','rskeeter@dailyprophet.com');
INSERT INTO GUEST_RESERVATION VALUES('90','Horace Slughorn',99,1,'2020-03-01','2020-03-07','hslughorn@hogwarts.edu');
INSERT INTO GUEST_RESERVATION VALUES('91','Salazar Slytherin',109,1,'2020-03-02','2020-03-04','sslytherin@hogwarts.edu');
INSERT INTO GUEST_RESERVATION VALUES('92','Hepzibah Smith',119,2,'2020-03-05','2020-03-27','hepzibah@owlmail.com');
INSERT INTO GUEST_RESERVATION VALUES('93','Severus Snape',129,2,'2020-03-20','2020-03-22','ssnape@hogwarts.edu');
INSERT INTO GUEST_RESERVATION VALUES('94','Pomona Sprout',139,2,'2020-03-02','2020-03-05','psprout@hogwarts.edu');

INSERT INTO GUEST_RESERVATION VALUES('95','Pius Thicknesse',149,2,'2020-03-11','2020-03-14','pthicknesse@ministryofmagic.gov');
INSERT INTO GUEST_RESERVATION VALUES('96','Andromeda Tonks',159,3,'2020-03-16','2020-03-27','atonks@owlmail.com');
INSERT INTO GUEST_RESERVATION VALUES('97','Nymphadora Tonks',169,1,'2020-03-29','2020-04-02','ntonks@orderofthephoenix.org');
INSERT INTO GUEST_RESERVATION VALUES('98','Ted Tonks',179,4,'2020-04-01','2020-04-08','ttonks@owlmail.com');
INSERT INTO GUEST_RESERVATION VALUES('99','Sybill Trelawney',2,2,'2020-03-10','2020-03-12','strewlawney@hogwarts.edu');
INSERT INTO GUEST_RESERVATION VALUES('100','Wilkie Twycross',189,4,'2020-04-03','2020-04-04','wtwycross@ministryofmagic.gov');
INSERT INTO GUEST_RESERVATION VALUES('101','Dolores Umbridge',199,3,'2020-04-05','2020-04-27','dumbridge@ministryofmagic.gov');
INSERT INTO GUEST_RESERVATION VALUES('102','Emmeline Vance',2,4,'2020-04-21','2020-04-24','evance@orderofthephoenix.gov');
INSERT INTO GUEST_RESERVATION VALUES('103','Septima Vector',12,5,'2020-04-02','2020-04-05','svector@hogwarts.edu');
INSERT INTO GUEST_RESERVATION VALUES('104','Lord Voldemort',22,2,'2020-04-11','2020-04-14','lordvoldemort@owlmail.com');

INSERT INTO GUEST_RESERVATION VALUES('105','Arthur Weasley',32,1,'2020-04-16','2020-04-27','aweasley@ministryofmagic.gov');
INSERT INTO GUEST_RESERVATION VALUES('106','Bill Weasley',42,3,'2018-11-16','2018-12-27','bweasley@gringotts.com');
INSERT INTO GUEST_RESERVATION VALUES('107','Charlie Weasley',52,2,'2018-11-29','2018-12-02','cweasley@orderofthephoenix.org');
INSERT INTO GUEST_RESERVATION VALUES('108','Fred Weasley',62,4,'2018-11-28','2018-12-08','fweasley@weasleyswizardwheezes.com');
INSERT INTO GUEST_RESERVATION VALUES('109','George Weasley',72,5,'2018-12-03','2018-12-07','gweasley@weasleyswizardwheezes.com');
INSERT INTO GUEST_RESERVATION VALUES('110','Molly Weasley',82,3,'2018-12-05','2019-12-27','mweasley@orderofthephoenix.org');
INSERT INTO GUEST_RESERVATION VALUES('111','Percy Weasley',92,1,'2018-12-21','2018-12-24','pweasley@ministryofmagic.gov');
INSERT INTO GUEST_RESERVATION VALUES('112','Corban Yaxley',102,1,'2018-12-02','2018-12-05','cyaxley@owlmail.com');

/*Conference_Reservation*/
INSERT INTO CONFERENCE_RESERVATION VALUES('001', 'Minerva McGonagall', '2', 30, '2018-11-20','2019-01-15', 'mmcgonagall@hogwarts.edu');

/*Membership Inserts*/
INSERT INTO MEMBERSHIP VALUES('bathilda@owlmail.com', 'Bathilda Bagshot', '463785435', 'Bronze', '1990-03-04');
INSERT INTO MEMBERSHIP VALUES('cbinns@hogwarts.edu', 'Cuthbert Binns', '174385866', 'Bronze', '1950-06-23');
INSERT INTO MEMBERSHIP VALUES('pnblack@hogwarts.edu', 'Phineas Black', '547064278', 'Gold', '1910-01-30');
INSERT INTO MEMBERSHIP VALUES('abones@ministryofmagic.gov', 'Amelia Bones', '548729067', 'Silver', '2000-11-03');
INSERT INTO MEMBERSHIP VALUES('cburbage@hogwarts.edu', 'Charity Burbage', '432526268', 'Bronze', '2003-02-14');
INSERT INTO MEMBERSHIP VALUES('mcattermole@owlmail.com', 'Mary Cattermole', '970760546', 'Bronze', '1998-05-20');
INSERT INTO MEMBERSHIP VALUES('bcrouch@ministryofmagic.gov', 'Barty Crouch', '893469054', 'Silver', '1976-07-28');
INSERT INTO MEMBERSHIP VALUES('cfudge@ministryofmagic.gov', 'Cornelius Fudge', '254896765', 'Gold', '2016-08-06');
INSERT INTO MEMBERSHIP VALUES('wgrubbly-plank@hogwarts.edu', 'Wilhelmina Grubbly-Plank', '789645634', 'Bronze', '2013-06-10');
INSERT INTO MEMBERSHIP VALUES('fdelacour@beauxbatons.edu', 'Fleur Delacour', '478645313', 'Gold', '2010-09-22');
INSERT INTO MEMBERSHIP VALUES('adiggory@ministryofmagic.gov', 'Amos Diggory', '567893156', 'Bronze', '1989-10-15');
INSERT INTO MEMBERSHIP VALUES('adumbledore@hogwarts.edu', 'Albus Dumbledore', '148974635', 'Silver', '1956-12-20');
INSERT INTO MEMBERSHIP VALUES('afigg@orderofthephoenix.org', 'Arabella Figg', '897861348', 'Bronze', '1994-02-27');
INSERT INTO MEMBERSHIP VALUES('fflitwick@hogwarts.edu', 'Filius Flitwick', '364589756', 'Bronze', '1967-04-02');
INSERT INTO MEMBERSHIP VALUES('rhooch@hogwarts.edu', 'Rolanda Hooch', '789465386', 'Bronze', '2011-09-30');
INSERT INTO MEMBERSHIP VALUES('mhopkirk@ministryofmagic.gov', 'Mafalda Hopkirk', '654897137', 'Silver', '1999-01-05');
INSERT INTO MEMBERSHIP VALUES('therealgilderoylockhart@owlmail.com', 'Gilderoy Lockhart', '811654821', 'Gold', '2000-07-23');
INSERT INTO MEMBERSHIP VALUES('alongbottom@owlmail.com', 'Augusta Longbottom', '321568668', 'Bronze', '2014-04-13');
INSERT INTO MEMBERSHIP VALUES('lmalfoy@owlmail.com', 'Lucius Malfoy', '987133881', 'Gold', '1991-08-18');
INSERT INTO MEMBERSHIP VALUES('omaxime@beauxbatons.edu', 'Olympe Maxime', '645789465', 'Silver', '2007-03-31');
INSERT INTO MEMBERSHIP VALUES('amoody@orderofthephoenix.org', 'Alastor Moody', '789431684', 'Bronze', '1984-01-22');
INSERT INTO MEMBERSHIP VALUES('spodmore@orderofthephoenix.org', 'Sturgis Podmore', '894865314', 'Silver', '1996-09-09');
INSERT INTO MEMBERSHIP VALUES('qquirrell@hogwarts.edu', 'Quirinus Quirrell', '156484648', 'Bronze', '1991-05-11');
INSERT INTO MEMBERSHIP VALUES('nscamander@fantasticbeasts.com', 'Newt Scamander', '548946578', 'Bronze', '1932-11-24');
INSERT INTO MEMBERSHIP VALUES('kshacklebolt@ministryofmagic.gov', 'Kingsley Shacklebolt', '978453364', 'Silver', '1988-12-16');
INSERT INTO MEMBERSHIP VALUES('rskeeter@dailyprophet.com', 'Rita Skeeter', '348974651', 'Bronze', '1995-03-09');
INSERT INTO MEMBERSHIP VALUES('hslughorn@hogwarts.edu', 'Horace Slughorn', '478945655', 'Bronze', '1974-07-21');
INSERT INTO MEMBERSHIP VALUES('ntonks@orderofthephoenix.org', 'Nymphadora Tonks', '684465178', 'Silver', '1996-11-19');
INSERT INTO MEMBERSHIP VALUES('svector@hogwarts.edu', 'Septima Vector', '789465892', 'Bronze', '2009-04-30');
INSERT INTO MEMBERSHIP VALUES('lordvoldemort@owlmail.com', 'Lord Voldemort', '256848965', 'Gold', '1986-06-06');
INSERT INTO MEMBERSHIP VALUES('mweasley@orderofthephoenix.org', 'Molly Weasley', '897465561', 'Bronze', '1989-07-31');

/*Department Services Guest Room Inserts*/
INSERT INTO DEPARTMENT_SERVICES_GUEST_ROOM VALUES(1, 1);
INSERT INTO DEPARTMENT_SERVICES_GUEST_ROOM VALUES(1, 2);
INSERT INTO DEPARTMENT_SERVICES_GUEST_ROOM VALUES(2, 2);
INSERT INTO DEPARTMENT_SERVICES_GUEST_ROOM VALUES(1, 3);
INSERT INTO DEPARTMENT_SERVICES_GUEST_ROOM VALUES(1, 4);
INSERT INTO DEPARTMENT_SERVICES_GUEST_ROOM VALUES(2, 4);
INSERT INTO DEPARTMENT_SERVICES_GUEST_ROOM VALUES(1, 5);
INSERT INTO DEPARTMENT_SERVICES_GUEST_ROOM VALUES(1, 6);
INSERT INTO DEPARTMENT_SERVICES_GUEST_ROOM VALUES(2, 6);
INSERT INTO DEPARTMENT_SERVICES_GUEST_ROOM VALUES(1, 7);
INSERT INTO DEPARTMENT_SERVICES_GUEST_ROOM VALUES(3, 7);
INSERT INTO DEPARTMENT_SERVICES_GUEST_ROOM VALUES(1, 8);
INSERT INTO DEPARTMENT_SERVICES_GUEST_ROOM VALUES(2, 8);
INSERT INTO DEPARTMENT_SERVICES_GUEST_ROOM VALUES(1, 9);
INSERT INTO DEPARTMENT_SERVICES_GUEST_ROOM VALUES(1, 10);
INSERT INTO DEPARTMENT_SERVICES_GUEST_ROOM VALUES(2, 10);
INSERT INTO DEPARTMENT_SERVICES_GUEST_ROOM VALUES(1, 11);
INSERT INTO DEPARTMENT_SERVICES_GUEST_ROOM VALUES(1, 12);
INSERT INTO DEPARTMENT_SERVICES_GUEST_ROOM VALUES(2, 12);
INSERT INTO DEPARTMENT_SERVICES_GUEST_ROOM VALUES(1, 13);
INSERT INTO DEPARTMENT_SERVICES_GUEST_ROOM VALUES(1, 14);
INSERT INTO DEPARTMENT_SERVICES_GUEST_ROOM VALUES(2, 14);
INSERT INTO DEPARTMENT_SERVICES_GUEST_ROOM VALUES(3, 14);
INSERT INTO DEPARTMENT_SERVICES_GUEST_ROOM VALUES(1, 15);
INSERT INTO DEPARTMENT_SERVICES_GUEST_ROOM VALUES(1, 16);
INSERT INTO DEPARTMENT_SERVICES_GUEST_ROOM VALUES(2, 16);
INSERT INTO DEPARTMENT_SERVICES_GUEST_ROOM VALUES(1, 17);
INSERT INTO DEPARTMENT_SERVICES_GUEST_ROOM VALUES(1, 18);
INSERT INTO DEPARTMENT_SERVICES_GUEST_ROOM VALUES(2, 18);
INSERT INTO DEPARTMENT_SERVICES_GUEST_ROOM VALUES(1, 19);
INSERT INTO DEPARTMENT_SERVICES_GUEST_ROOM VALUES(1, 20);
INSERT INTO DEPARTMENT_SERVICES_GUEST_ROOM VALUES(2, 20);
INSERT INTO DEPARTMENT_SERVICES_GUEST_ROOM VALUES(1, 21);
INSERT INTO DEPARTMENT_SERVICES_GUEST_ROOM VALUES(3, 21);
INSERT INTO DEPARTMENT_SERVICES_GUEST_ROOM VALUES(1, 22);
INSERT INTO DEPARTMENT_SERVICES_GUEST_ROOM VALUES(2, 22);
INSERT INTO DEPARTMENT_SERVICES_GUEST_ROOM VALUES(1, 23);
INSERT INTO DEPARTMENT_SERVICES_GUEST_ROOM VALUES(1, 24);
INSERT INTO DEPARTMENT_SERVICES_GUEST_ROOM VALUES(2, 24);
INSERT INTO DEPARTMENT_SERVICES_GUEST_ROOM VALUES(1, 25);
INSERT INTO DEPARTMENT_SERVICES_GUEST_ROOM VALUES(1, 26);
INSERT INTO DEPARTMENT_SERVICES_GUEST_ROOM VALUES(2, 26);
INSERT INTO DEPARTMENT_SERVICES_GUEST_ROOM VALUES(1, 27);
INSERT INTO DEPARTMENT_SERVICES_GUEST_ROOM VALUES(1, 28);
INSERT INTO DEPARTMENT_SERVICES_GUEST_ROOM VALUES(2, 28);
INSERT INTO DEPARTMENT_SERVICES_GUEST_ROOM VALUES(3, 28);
INSERT INTO DEPARTMENT_SERVICES_GUEST_ROOM VALUES(1, 29);
INSERT INTO DEPARTMENT_SERVICES_GUEST_ROOM VALUES(1, 30);
INSERT INTO DEPARTMENT_SERVICES_GUEST_ROOM VALUES(2, 30);
INSERT INTO DEPARTMENT_SERVICES_GUEST_ROOM VALUES(1, 31);
INSERT INTO DEPARTMENT_SERVICES_GUEST_ROOM VALUES(1, 32);
INSERT INTO DEPARTMENT_SERVICES_GUEST_ROOM VALUES(2, 32);
INSERT INTO DEPARTMENT_SERVICES_GUEST_ROOM VALUES(1, 33);
INSERT INTO DEPARTMENT_SERVICES_GUEST_ROOM VALUES(1, 34);
INSERT INTO DEPARTMENT_SERVICES_GUEST_ROOM VALUES(2, 34);
INSERT INTO DEPARTMENT_SERVICES_GUEST_ROOM VALUES(1, 35);
INSERT INTO DEPARTMENT_SERVICES_GUEST_ROOM VALUES(3, 35);
INSERT INTO DEPARTMENT_SERVICES_GUEST_ROOM VALUES(1, 36);
INSERT INTO DEPARTMENT_SERVICES_GUEST_ROOM VALUES(2, 36);
INSERT INTO DEPARTMENT_SERVICES_GUEST_ROOM VALUES(1, 37);
INSERT INTO DEPARTMENT_SERVICES_GUEST_ROOM VALUES(1, 38);
INSERT INTO DEPARTMENT_SERVICES_GUEST_ROOM VALUES(2, 38);
INSERT INTO DEPARTMENT_SERVICES_GUEST_ROOM VALUES(1, 39);
INSERT INTO DEPARTMENT_SERVICES_GUEST_ROOM VALUES(1, 40);
INSERT INTO DEPARTMENT_SERVICES_GUEST_ROOM VALUES(2, 40);
INSERT INTO DEPARTMENT_SERVICES_GUEST_ROOM VALUES(1, 41);
INSERT INTO DEPARTMENT_SERVICES_GUEST_ROOM VALUES(1, 42);
INSERT INTO DEPARTMENT_SERVICES_GUEST_ROOM VALUES(2, 42);
INSERT INTO DEPARTMENT_SERVICES_GUEST_ROOM VALUES(3, 42);
INSERT INTO DEPARTMENT_SERVICES_GUEST_ROOM VALUES(1, 43);
INSERT INTO DEPARTMENT_SERVICES_GUEST_ROOM VALUES(1, 44);
INSERT INTO DEPARTMENT_SERVICES_GUEST_ROOM VALUES(2, 44);
INSERT INTO DEPARTMENT_SERVICES_GUEST_ROOM VALUES(1, 45);
INSERT INTO DEPARTMENT_SERVICES_GUEST_ROOM VALUES(1, 46);
INSERT INTO DEPARTMENT_SERVICES_GUEST_ROOM VALUES(2, 46);
INSERT INTO DEPARTMENT_SERVICES_GUEST_ROOM VALUES(1, 47);
INSERT INTO DEPARTMENT_SERVICES_GUEST_ROOM VALUES(1, 48);
INSERT INTO DEPARTMENT_SERVICES_GUEST_ROOM VALUES(2, 48);
INSERT INTO DEPARTMENT_SERVICES_GUEST_ROOM VALUES(1, 49);
INSERT INTO DEPARTMENT_SERVICES_GUEST_ROOM VALUES(3, 49);
INSERT INTO DEPARTMENT_SERVICES_GUEST_ROOM VALUES(1, 50);
INSERT INTO DEPARTMENT_SERVICES_GUEST_ROOM VALUES(2, 50);
INSERT INTO DEPARTMENT_SERVICES_GUEST_ROOM VALUES(1, 51);
INSERT INTO DEPARTMENT_SERVICES_GUEST_ROOM VALUES(1, 52);
INSERT INTO DEPARTMENT_SERVICES_GUEST_ROOM VALUES(2, 52);
INSERT INTO DEPARTMENT_SERVICES_GUEST_ROOM VALUES(1, 53);
INSERT INTO DEPARTMENT_SERVICES_GUEST_ROOM VALUES(1, 54);
INSERT INTO DEPARTMENT_SERVICES_GUEST_ROOM VALUES(2, 54);
INSERT INTO DEPARTMENT_SERVICES_GUEST_ROOM VALUES(1, 55);
INSERT INTO DEPARTMENT_SERVICES_GUEST_ROOM VALUES(1, 56);
INSERT INTO DEPARTMENT_SERVICES_GUEST_ROOM VALUES(2, 56);
INSERT INTO DEPARTMENT_SERVICES_GUEST_ROOM VALUES(3, 56);
INSERT INTO DEPARTMENT_SERVICES_GUEST_ROOM VALUES(1, 57);
INSERT INTO DEPARTMENT_SERVICES_GUEST_ROOM VALUES(1, 58);
INSERT INTO DEPARTMENT_SERVICES_GUEST_ROOM VALUES(2, 58);
INSERT INTO DEPARTMENT_SERVICES_GUEST_ROOM VALUES(1, 59);
INSERT INTO DEPARTMENT_SERVICES_GUEST_ROOM VALUES(1, 60);
INSERT INTO DEPARTMENT_SERVICES_GUEST_ROOM VALUES(2, 60);
INSERT INTO DEPARTMENT_SERVICES_GUEST_ROOM VALUES(1, 61);
INSERT INTO DEPARTMENT_SERVICES_GUEST_ROOM VALUES(1, 62);
INSERT INTO DEPARTMENT_SERVICES_GUEST_ROOM VALUES(2, 62);
INSERT INTO DEPARTMENT_SERVICES_GUEST_ROOM VALUES(1, 63);
INSERT INTO DEPARTMENT_SERVICES_GUEST_ROOM VALUES(3, 63);
INSERT INTO DEPARTMENT_SERVICES_GUEST_ROOM VALUES(1, 64);
INSERT INTO DEPARTMENT_SERVICES_GUEST_ROOM VALUES(2, 64);
INSERT INTO DEPARTMENT_SERVICES_GUEST_ROOM VALUES(1, 65);
INSERT INTO DEPARTMENT_SERVICES_GUEST_ROOM VALUES(1, 66);
INSERT INTO DEPARTMENT_SERVICES_GUEST_ROOM VALUES(2, 66);
INSERT INTO DEPARTMENT_SERVICES_GUEST_ROOM VALUES(1, 67);
INSERT INTO DEPARTMENT_SERVICES_GUEST_ROOM VALUES(1, 68);
INSERT INTO DEPARTMENT_SERVICES_GUEST_ROOM VALUES(2, 68);
INSERT INTO DEPARTMENT_SERVICES_GUEST_ROOM VALUES(1, 69);
INSERT INTO DEPARTMENT_SERVICES_GUEST_ROOM VALUES(1, 70);
INSERT INTO DEPARTMENT_SERVICES_GUEST_ROOM VALUES(2, 70);
INSERT INTO DEPARTMENT_SERVICES_GUEST_ROOM VALUES(3, 70);
INSERT INTO DEPARTMENT_SERVICES_GUEST_ROOM VALUES(1, 71);
INSERT INTO DEPARTMENT_SERVICES_GUEST_ROOM VALUES(1, 72);
INSERT INTO DEPARTMENT_SERVICES_GUEST_ROOM VALUES(2, 72);
INSERT INTO DEPARTMENT_SERVICES_GUEST_ROOM VALUES(1, 73);
INSERT INTO DEPARTMENT_SERVICES_GUEST_ROOM VALUES(1, 74);
INSERT INTO DEPARTMENT_SERVICES_GUEST_ROOM VALUES(2, 74);
INSERT INTO DEPARTMENT_SERVICES_GUEST_ROOM VALUES(1, 75);
INSERT INTO DEPARTMENT_SERVICES_GUEST_ROOM VALUES(1, 76);
INSERT INTO DEPARTMENT_SERVICES_GUEST_ROOM VALUES(2, 76);
INSERT INTO DEPARTMENT_SERVICES_GUEST_ROOM VALUES(1, 77);
INSERT INTO DEPARTMENT_SERVICES_GUEST_ROOM VALUES(3, 77);
INSERT INTO DEPARTMENT_SERVICES_GUEST_ROOM VALUES(1, 78);
INSERT INTO DEPARTMENT_SERVICES_GUEST_ROOM VALUES(2, 78);
INSERT INTO DEPARTMENT_SERVICES_GUEST_ROOM VALUES(1, 79);
INSERT INTO DEPARTMENT_SERVICES_GUEST_ROOM VALUES(1, 80);
INSERT INTO DEPARTMENT_SERVICES_GUEST_ROOM VALUES(2, 80);
INSERT INTO DEPARTMENT_SERVICES_GUEST_ROOM VALUES(1, 81);
INSERT INTO DEPARTMENT_SERVICES_GUEST_ROOM VALUES(1, 82);
INSERT INTO DEPARTMENT_SERVICES_GUEST_ROOM VALUES(2, 82);
INSERT INTO DEPARTMENT_SERVICES_GUEST_ROOM VALUES(1, 83);
INSERT INTO DEPARTMENT_SERVICES_GUEST_ROOM VALUES(1, 84);
INSERT INTO DEPARTMENT_SERVICES_GUEST_ROOM VALUES(2, 84);
INSERT INTO DEPARTMENT_SERVICES_GUEST_ROOM VALUES(3, 84);
INSERT INTO DEPARTMENT_SERVICES_GUEST_ROOM VALUES(1, 85);
INSERT INTO DEPARTMENT_SERVICES_GUEST_ROOM VALUES(1, 86);
INSERT INTO DEPARTMENT_SERVICES_GUEST_ROOM VALUES(2, 86);
INSERT INTO DEPARTMENT_SERVICES_GUEST_ROOM VALUES(1, 87);
INSERT INTO DEPARTMENT_SERVICES_GUEST_ROOM VALUES(1, 88);
INSERT INTO DEPARTMENT_SERVICES_GUEST_ROOM VALUES(2, 88);
INSERT INTO DEPARTMENT_SERVICES_GUEST_ROOM VALUES(1, 89);
INSERT INTO DEPARTMENT_SERVICES_GUEST_ROOM VALUES(1, 90);
INSERT INTO DEPARTMENT_SERVICES_GUEST_ROOM VALUES(2, 90);
INSERT INTO DEPARTMENT_SERVICES_GUEST_ROOM VALUES(1, 91);
INSERT INTO DEPARTMENT_SERVICES_GUEST_ROOM VALUES(3, 91);
INSERT INTO DEPARTMENT_SERVICES_GUEST_ROOM VALUES(1, 92);
INSERT INTO DEPARTMENT_SERVICES_GUEST_ROOM VALUES(2, 92);
INSERT INTO DEPARTMENT_SERVICES_GUEST_ROOM VALUES(1, 93);
INSERT INTO DEPARTMENT_SERVICES_GUEST_ROOM VALUES(1, 94);
INSERT INTO DEPARTMENT_SERVICES_GUEST_ROOM VALUES(2, 94);
INSERT INTO DEPARTMENT_SERVICES_GUEST_ROOM VALUES(1, 95);
INSERT INTO DEPARTMENT_SERVICES_GUEST_ROOM VALUES(1, 96);
INSERT INTO DEPARTMENT_SERVICES_GUEST_ROOM VALUES(2, 96);
INSERT INTO DEPARTMENT_SERVICES_GUEST_ROOM VALUES(1, 97);
INSERT INTO DEPARTMENT_SERVICES_GUEST_ROOM VALUES(1, 98);
INSERT INTO DEPARTMENT_SERVICES_GUEST_ROOM VALUES(2, 98);
INSERT INTO DEPARTMENT_SERVICES_GUEST_ROOM VALUES(3, 98);
INSERT INTO DEPARTMENT_SERVICES_GUEST_ROOM VALUES(1, 99);
INSERT INTO DEPARTMENT_SERVICES_GUEST_ROOM VALUES(1, 100);
INSERT INTO DEPARTMENT_SERVICES_GUEST_ROOM VALUES(2, 100);
INSERT INTO DEPARTMENT_SERVICES_GUEST_ROOM VALUES(1, 101);
INSERT INTO DEPARTMENT_SERVICES_GUEST_ROOM VALUES(1, 102);
INSERT INTO DEPARTMENT_SERVICES_GUEST_ROOM VALUES(2, 102);
INSERT INTO DEPARTMENT_SERVICES_GUEST_ROOM VALUES(1, 103);
INSERT INTO DEPARTMENT_SERVICES_GUEST_ROOM VALUES(1, 104);
INSERT INTO DEPARTMENT_SERVICES_GUEST_ROOM VALUES(2, 104);
INSERT INTO DEPARTMENT_SERVICES_GUEST_ROOM VALUES(1, 105);
INSERT INTO DEPARTMENT_SERVICES_GUEST_ROOM VALUES(3, 105);
INSERT INTO DEPARTMENT_SERVICES_GUEST_ROOM VALUES(1, 106);
INSERT INTO DEPARTMENT_SERVICES_GUEST_ROOM VALUES(2, 106);
INSERT INTO DEPARTMENT_SERVICES_GUEST_ROOM VALUES(1, 107);
INSERT INTO DEPARTMENT_SERVICES_GUEST_ROOM VALUES(1, 108);
INSERT INTO DEPARTMENT_SERVICES_GUEST_ROOM VALUES(2, 108);
INSERT INTO DEPARTMENT_SERVICES_GUEST_ROOM VALUES(1, 109);
INSERT INTO DEPARTMENT_SERVICES_GUEST_ROOM VALUES(1, 110);
INSERT INTO DEPARTMENT_SERVICES_GUEST_ROOM VALUES(2, 110);
INSERT INTO DEPARTMENT_SERVICES_GUEST_ROOM VALUES(1, 111);
INSERT INTO DEPARTMENT_SERVICES_GUEST_ROOM VALUES(1, 112);
INSERT INTO DEPARTMENT_SERVICES_GUEST_ROOM VALUES(2, 112);
INSERT INTO DEPARTMENT_SERVICES_GUEST_ROOM VALUES(3, 112);
INSERT INTO DEPARTMENT_SERVICES_GUEST_ROOM VALUES(1, 113);
INSERT INTO DEPARTMENT_SERVICES_GUEST_ROOM VALUES(1, 114);
INSERT INTO DEPARTMENT_SERVICES_GUEST_ROOM VALUES(2, 114);
INSERT INTO DEPARTMENT_SERVICES_GUEST_ROOM VALUES(1, 115);
INSERT INTO DEPARTMENT_SERVICES_GUEST_ROOM VALUES(1, 116);
INSERT INTO DEPARTMENT_SERVICES_GUEST_ROOM VALUES(2, 116);
INSERT INTO DEPARTMENT_SERVICES_GUEST_ROOM VALUES(1, 117);
INSERT INTO DEPARTMENT_SERVICES_GUEST_ROOM VALUES(1, 118);
INSERT INTO DEPARTMENT_SERVICES_GUEST_ROOM VALUES(2, 118);
INSERT INTO DEPARTMENT_SERVICES_GUEST_ROOM VALUES(1, 119);
INSERT INTO DEPARTMENT_SERVICES_GUEST_ROOM VALUES(3, 119);
INSERT INTO DEPARTMENT_SERVICES_GUEST_ROOM VALUES(1, 120);
INSERT INTO DEPARTMENT_SERVICES_GUEST_ROOM VALUES(2, 120);
INSERT INTO DEPARTMENT_SERVICES_GUEST_ROOM VALUES(1, 121);
INSERT INTO DEPARTMENT_SERVICES_GUEST_ROOM VALUES(1, 122);
INSERT INTO DEPARTMENT_SERVICES_GUEST_ROOM VALUES(2, 122);
INSERT INTO DEPARTMENT_SERVICES_GUEST_ROOM VALUES(1, 123);
INSERT INTO DEPARTMENT_SERVICES_GUEST_ROOM VALUES(1, 124);
INSERT INTO DEPARTMENT_SERVICES_GUEST_ROOM VALUES(2, 124);
INSERT INTO DEPARTMENT_SERVICES_GUEST_ROOM VALUES(1, 125);
INSERT INTO DEPARTMENT_SERVICES_GUEST_ROOM VALUES(1, 126);
INSERT INTO DEPARTMENT_SERVICES_GUEST_ROOM VALUES(2, 126);
INSERT INTO DEPARTMENT_SERVICES_GUEST_ROOM VALUES(3, 126);
INSERT INTO DEPARTMENT_SERVICES_GUEST_ROOM VALUES(1, 127);
INSERT INTO DEPARTMENT_SERVICES_GUEST_ROOM VALUES(1, 128);
INSERT INTO DEPARTMENT_SERVICES_GUEST_ROOM VALUES(2, 128);
INSERT INTO DEPARTMENT_SERVICES_GUEST_ROOM VALUES(1, 129);
INSERT INTO DEPARTMENT_SERVICES_GUEST_ROOM VALUES(1, 130);
INSERT INTO DEPARTMENT_SERVICES_GUEST_ROOM VALUES(2, 130);
INSERT INTO DEPARTMENT_SERVICES_GUEST_ROOM VALUES(1, 131);
INSERT INTO DEPARTMENT_SERVICES_GUEST_ROOM VALUES(1, 132);
INSERT INTO DEPARTMENT_SERVICES_GUEST_ROOM VALUES(2, 132);
INSERT INTO DEPARTMENT_SERVICES_GUEST_ROOM VALUES(1, 133);
INSERT INTO DEPARTMENT_SERVICES_GUEST_ROOM VALUES(3, 133);
INSERT INTO DEPARTMENT_SERVICES_GUEST_ROOM VALUES(1, 134);
INSERT INTO DEPARTMENT_SERVICES_GUEST_ROOM VALUES(2, 134);
INSERT INTO DEPARTMENT_SERVICES_GUEST_ROOM VALUES(1, 135);
INSERT INTO DEPARTMENT_SERVICES_GUEST_ROOM VALUES(1, 136);
INSERT INTO DEPARTMENT_SERVICES_GUEST_ROOM VALUES(2, 136);
INSERT INTO DEPARTMENT_SERVICES_GUEST_ROOM VALUES(1, 137);
INSERT INTO DEPARTMENT_SERVICES_GUEST_ROOM VALUES(1, 138);
INSERT INTO DEPARTMENT_SERVICES_GUEST_ROOM VALUES(2, 138);
INSERT INTO DEPARTMENT_SERVICES_GUEST_ROOM VALUES(1, 139);
INSERT INTO DEPARTMENT_SERVICES_GUEST_ROOM VALUES(1, 140);
INSERT INTO DEPARTMENT_SERVICES_GUEST_ROOM VALUES(2, 140);
INSERT INTO DEPARTMENT_SERVICES_GUEST_ROOM VALUES(3, 140);
INSERT INTO DEPARTMENT_SERVICES_GUEST_ROOM VALUES(1, 141);
INSERT INTO DEPARTMENT_SERVICES_GUEST_ROOM VALUES(1, 142);
INSERT INTO DEPARTMENT_SERVICES_GUEST_ROOM VALUES(2, 142);
INSERT INTO DEPARTMENT_SERVICES_GUEST_ROOM VALUES(1, 143);
INSERT INTO DEPARTMENT_SERVICES_GUEST_ROOM VALUES(1, 144);
INSERT INTO DEPARTMENT_SERVICES_GUEST_ROOM VALUES(2, 144);
INSERT INTO DEPARTMENT_SERVICES_GUEST_ROOM VALUES(1, 145);
INSERT INTO DEPARTMENT_SERVICES_GUEST_ROOM VALUES(1, 146);
INSERT INTO DEPARTMENT_SERVICES_GUEST_ROOM VALUES(2, 146);
INSERT INTO DEPARTMENT_SERVICES_GUEST_ROOM VALUES(1, 147);
INSERT INTO DEPARTMENT_SERVICES_GUEST_ROOM VALUES(3, 147);
INSERT INTO DEPARTMENT_SERVICES_GUEST_ROOM VALUES(1, 148);
INSERT INTO DEPARTMENT_SERVICES_GUEST_ROOM VALUES(2, 148);
INSERT INTO DEPARTMENT_SERVICES_GUEST_ROOM VALUES(1, 149);
INSERT INTO DEPARTMENT_SERVICES_GUEST_ROOM VALUES(1, 150);
INSERT INTO DEPARTMENT_SERVICES_GUEST_ROOM VALUES(2, 150);
INSERT INTO DEPARTMENT_SERVICES_GUEST_ROOM VALUES(1, 151);
INSERT INTO DEPARTMENT_SERVICES_GUEST_ROOM VALUES(1, 152);
INSERT INTO DEPARTMENT_SERVICES_GUEST_ROOM VALUES(2, 152);
INSERT INTO DEPARTMENT_SERVICES_GUEST_ROOM VALUES(1, 153);
INSERT INTO DEPARTMENT_SERVICES_GUEST_ROOM VALUES(1, 154);
INSERT INTO DEPARTMENT_SERVICES_GUEST_ROOM VALUES(2, 154);
INSERT INTO DEPARTMENT_SERVICES_GUEST_ROOM VALUES(3, 154);
INSERT INTO DEPARTMENT_SERVICES_GUEST_ROOM VALUES(1, 155);
INSERT INTO DEPARTMENT_SERVICES_GUEST_ROOM VALUES(1, 156);
INSERT INTO DEPARTMENT_SERVICES_GUEST_ROOM VALUES(2, 156);
INSERT INTO DEPARTMENT_SERVICES_GUEST_ROOM VALUES(1, 157);
INSERT INTO DEPARTMENT_SERVICES_GUEST_ROOM VALUES(1, 158);
INSERT INTO DEPARTMENT_SERVICES_GUEST_ROOM VALUES(2, 158);
INSERT INTO DEPARTMENT_SERVICES_GUEST_ROOM VALUES(1, 159);
INSERT INTO DEPARTMENT_SERVICES_GUEST_ROOM VALUES(1, 160);
INSERT INTO DEPARTMENT_SERVICES_GUEST_ROOM VALUES(2, 160);
INSERT INTO DEPARTMENT_SERVICES_GUEST_ROOM VALUES(1, 161);
INSERT INTO DEPARTMENT_SERVICES_GUEST_ROOM VALUES(3, 161);
INSERT INTO DEPARTMENT_SERVICES_GUEST_ROOM VALUES(1, 162);
INSERT INTO DEPARTMENT_SERVICES_GUEST_ROOM VALUES(2, 162);
INSERT INTO DEPARTMENT_SERVICES_GUEST_ROOM VALUES(1, 163);
INSERT INTO DEPARTMENT_SERVICES_GUEST_ROOM VALUES(1, 164);
INSERT INTO DEPARTMENT_SERVICES_GUEST_ROOM VALUES(2, 164);
INSERT INTO DEPARTMENT_SERVICES_GUEST_ROOM VALUES(1, 165);
INSERT INTO DEPARTMENT_SERVICES_GUEST_ROOM VALUES(1, 166);
INSERT INTO DEPARTMENT_SERVICES_GUEST_ROOM VALUES(2, 166);
INSERT INTO DEPARTMENT_SERVICES_GUEST_ROOM VALUES(1, 167);
INSERT INTO DEPARTMENT_SERVICES_GUEST_ROOM VALUES(1, 168);
INSERT INTO DEPARTMENT_SERVICES_GUEST_ROOM VALUES(2, 168);
INSERT INTO DEPARTMENT_SERVICES_GUEST_ROOM VALUES(3, 168);
INSERT INTO DEPARTMENT_SERVICES_GUEST_ROOM VALUES(1, 169);
INSERT INTO DEPARTMENT_SERVICES_GUEST_ROOM VALUES(1, 170);
INSERT INTO DEPARTMENT_SERVICES_GUEST_ROOM VALUES(2, 170);
INSERT INTO DEPARTMENT_SERVICES_GUEST_ROOM VALUES(1, 171);
INSERT INTO DEPARTMENT_SERVICES_GUEST_ROOM VALUES(1, 172);
INSERT INTO DEPARTMENT_SERVICES_GUEST_ROOM VALUES(2, 172);
INSERT INTO DEPARTMENT_SERVICES_GUEST_ROOM VALUES(1, 173);
INSERT INTO DEPARTMENT_SERVICES_GUEST_ROOM VALUES(1, 174);
INSERT INTO DEPARTMENT_SERVICES_GUEST_ROOM VALUES(2, 174);
INSERT INTO DEPARTMENT_SERVICES_GUEST_ROOM VALUES(1, 175);
INSERT INTO DEPARTMENT_SERVICES_GUEST_ROOM VALUES(3, 175);
INSERT INTO DEPARTMENT_SERVICES_GUEST_ROOM VALUES(1, 176);
INSERT INTO DEPARTMENT_SERVICES_GUEST_ROOM VALUES(2, 176);
INSERT INTO DEPARTMENT_SERVICES_GUEST_ROOM VALUES(1, 177);
INSERT INTO DEPARTMENT_SERVICES_GUEST_ROOM VALUES(1, 178);
INSERT INTO DEPARTMENT_SERVICES_GUEST_ROOM VALUES(2, 178);
INSERT INTO DEPARTMENT_SERVICES_GUEST_ROOM VALUES(1, 179);
INSERT INTO DEPARTMENT_SERVICES_GUEST_ROOM VALUES(1, 180);
INSERT INTO DEPARTMENT_SERVICES_GUEST_ROOM VALUES(2, 180);
INSERT INTO DEPARTMENT_SERVICES_GUEST_ROOM VALUES(1, 181);
INSERT INTO DEPARTMENT_SERVICES_GUEST_ROOM VALUES(1, 182);
INSERT INTO DEPARTMENT_SERVICES_GUEST_ROOM VALUES(2, 182);
INSERT INTO DEPARTMENT_SERVICES_GUEST_ROOM VALUES(3, 182);
INSERT INTO DEPARTMENT_SERVICES_GUEST_ROOM VALUES(1, 183);
INSERT INTO DEPARTMENT_SERVICES_GUEST_ROOM VALUES(1, 184);
INSERT INTO DEPARTMENT_SERVICES_GUEST_ROOM VALUES(2, 184);
INSERT INTO DEPARTMENT_SERVICES_GUEST_ROOM VALUES(1, 185);
INSERT INTO DEPARTMENT_SERVICES_GUEST_ROOM VALUES(1, 186);
INSERT INTO DEPARTMENT_SERVICES_GUEST_ROOM VALUES(2, 186);
INSERT INTO DEPARTMENT_SERVICES_GUEST_ROOM VALUES(1, 187);
INSERT INTO DEPARTMENT_SERVICES_GUEST_ROOM VALUES(1, 188);
INSERT INTO DEPARTMENT_SERVICES_GUEST_ROOM VALUES(2, 188);
INSERT INTO DEPARTMENT_SERVICES_GUEST_ROOM VALUES(1, 189);
INSERT INTO DEPARTMENT_SERVICES_GUEST_ROOM VALUES(3, 189);
INSERT INTO DEPARTMENT_SERVICES_GUEST_ROOM VALUES(1, 190);
INSERT INTO DEPARTMENT_SERVICES_GUEST_ROOM VALUES(2, 190);
INSERT INTO DEPARTMENT_SERVICES_GUEST_ROOM VALUES(1, 191);
INSERT INTO DEPARTMENT_SERVICES_GUEST_ROOM VALUES(1, 192);
INSERT INTO DEPARTMENT_SERVICES_GUEST_ROOM VALUES(2, 192);
INSERT INTO DEPARTMENT_SERVICES_GUEST_ROOM VALUES(1, 193);
INSERT INTO DEPARTMENT_SERVICES_GUEST_ROOM VALUES(1, 194);
INSERT INTO DEPARTMENT_SERVICES_GUEST_ROOM VALUES(2, 194);
INSERT INTO DEPARTMENT_SERVICES_GUEST_ROOM VALUES(1, 195);
INSERT INTO DEPARTMENT_SERVICES_GUEST_ROOM VALUES(1, 196);
INSERT INTO DEPARTMENT_SERVICES_GUEST_ROOM VALUES(2, 196);
INSERT INTO DEPARTMENT_SERVICES_GUEST_ROOM VALUES(3, 196);
INSERT INTO DEPARTMENT_SERVICES_GUEST_ROOM VALUES(1, 197);
INSERT INTO DEPARTMENT_SERVICES_GUEST_ROOM VALUES(1, 198);
INSERT INTO DEPARTMENT_SERVICES_GUEST_ROOM VALUES(2, 198);
INSERT INTO DEPARTMENT_SERVICES_GUEST_ROOM VALUES(1, 199);
INSERT INTO DEPARTMENT_SERVICES_GUEST_ROOM VALUES(1, 200);
INSERT INTO DEPARTMENT_SERVICES_GUEST_ROOM VALUES(2, 200);

/*Department Services Conference Room Inserts*/
INSERT INTO DEPARTMENT_SERVICES_CONFERENCE_ROOM VALUES('1','1');
INSERT INTO DEPARTMENT_SERVICES_CONFERENCE_ROOM VALUES('1','2');
INSERT INTO DEPARTMENT_SERVICES_CONFERENCE_ROOM VALUES('2','2');
INSERT INTO DEPARTMENT_SERVICES_CONFERENCE_ROOM VALUES('3','1');
